track,country,time,race_name,race_class,handicap_rating,age_class,distance_mls,distance,going,prize,total_runners,winning_time,winning_timevar,total_sp,position,row_index,draw,horse_name,horse_country,price_decimal,price_fraction,price_symbol,horse_age,birth_year,horse_weight,dist_upper,dist_beaten,racecard_number,horse_or,horse_ts,horse_rpr,horse_jockey,horse_trainer,color,sex,sire,dam,damsire,price_var,headgear,wind_12
Cork (IRE),Ireland,01:00:00,C1: Amateur; C4: Handicap;,0.0,,2yo,0.0000,0.6250,Good,"1: €11,800; 2: €3,800; 3: €1,800; 4: €800; 5: €400; 6: €200",3.0,61.48,-26.10,81.00,1,0.0,0.0,Aared,,1.444,1/1,,9.0,2010.0,110.0,0.2500,0.0000,9.0,0.0,0.0,0.0,A P Heskin,A J McNamara,b,c,Acclamation,Abeja (IRE),A.P. Indy,,,0.0
Ffos Las,UK,01:15:00,C1: Apprentice; C4: Handicap;,1.0,0-100,3yo,0.6267,0.7500,Good To Soft,"1: €14,750; 2: €4,750; 3: €2,250; 4: €1,000; 5: €500; 6: €250",5.0,61.51,-25.14,105.00,10,9.0,9.0,Abate,FR,1.500,1/2,F,3.0,2007.0,111.0,0.5000,0.2500,15.0,10.0,1.0,2.0,Aaron Anderson,A Oliver,bb,f,Adaay (IRE),Absent Beauty (IRE),Acclamation,op 10/1,b,1.0
Gowran Park (IRE),,01:25:00,C2: Auction;,2.0,0-105,3yo+,0.6369,0.8750,Soft,"1: €17,700; 2: €5,700; 3: €2,700; 4: €1,200; 5: €600; 6: €300",6.0,62.28,-24.20,106.00,11,15.0,15.0,Abbey Magic,GER,1.615,10/1,J,12.0,2013.0,112.0,0.7500,0.5000,3.0,40.0,2.0,3.0,Adam Farragher,A P O'Brien,bl,g,Air Chief Marshal (IRE),Absolutus (USA),Accordion,op 10/1 tchd 11/1,e/s,2.0
Kempton,,01:30:00,C2: Auction; C3: Maiden; C6: Hurdle;,3.0,0-115,4-6yo,0.7568,1.0000,Soft To Heavy,"1: €23,600; 2: €7,600; 3: €3,600; 4: €1,600; 5: €800; 6: €400",7.0,62.40,-23.30,109.00,12,3.0,3.0,Abyssinian,HOL,1.667,100/1,,6.0,2008.0,114.0,1.0000,0.7500,12.0,45.0,3.0,4.0,Adam Kirby,Adam West,br,m,Aizavoski (IRE),Adaala (USA),Act One,op 10/1 tchd 11/2,h,
Naas (IRE),,01:35:00,C2: Auction; C3: Novice; C8: Stakes;,4.0,0-120,4-7yo,0.7614,1.0625,Standard,"1: €28,025; 2: €9,025; 3: €4,275; 4: €1,900; 5: €950; 6: €475",8.0,66.57,-22.10,110.00,13,12.0,12.0,Admiral's Sunset,IRE,1.727,100/30,,7.0,2016.0,115.0,1.2500,1.0000,6.0,46.0,4.0,5.0,Adam McNamara,Adrian McGuinness,ch,,Al Kazeem,Aegean Mystery,Agent Bleu,op 10/1 tchd 13/2,hp,
Plumpton,,01:45:00,C2: Claiming; C4: Classified; C8: Stakes;,5.0,0-130,4yo+,0.8955,1.1875,,"1: €5,310; 2: €1,710; 3: €810; 4: €360; 5: €180; 6: €90",9.0,75.00,-22.00,111.00,14,6.0,6.0,Agent Saonois,USA,2.000,11/1,,10.0,2014.0,116.0,1.5000,1.2500,7.0,47.0,5.0,6.0,Adam Short,Adrian Nicholls,gb,,Albaasil (IRE),African Rose,Agnes World,op 10/1 tchd 14/1,ht,
Pontefract,,01:55:00,C2: Conditions; C8: Stakes;,6.0,0-135,5yo+,1.0034,1.2500,,"1: €5,900; 2: €1,900; 3: €900; 4: €400; 5: €200; 6: €100",10.0,75.19,-21.40,112.00,15,7.0,7.0,Aingeal Dorcha,,2.250,11/2,,4.0,2011.0,117.0,1.7500,1.5000,1.0,48.0,6.0,10.0,Adam Tracey,Adrian Wintle,gr,,Alberto Giacometti (IRE),Agosta I (FR),Al Nasr,op 10/1 tchd 17/2,p,
Sedgefield,,02:00:00,C2: Nursery; C4: Handicap;,,0-140,,1.0176,1.4375,,"1: €6,490; 2: €2,090; 3: €990; 4: €440; 5: €220; 6: €110",11.0,75.25,-21.20,113.00,16,1.0,1.0,Air Hair Lair,,2.375,11/4,,13.0,2017.0,118.0,2.0000,1.7500,18.0,49.0,7.0,11.0,Aidan Coleman,Alan Berry,rg,,Alhebayeb (IRE),Akhila (IRE),Alamshar,op 10/1 tchd 17/2 and tchd 11/1,t,
Windsor,,02:05:00,C3: Beginners; C6: Chase;,,0-145,,1.0807,1.5000,,"1: €70,800; 2: €22,800; 3: €10,800; 4: €4,800; 5: €2,400; 6: €1,200",12.0,75.64,-21.00,114.00,17,10.0,18.0,Ajyaall,,2.400,11/8,,5.0,2012.0,119.0,2.2500,2.0000,10.0,50.0,8.0,12.0,Alan Johns,Alan King,ro,,American Pharoah (USA),Aktress (IRE),Alderbrook,op 10/1 tchd 9/1,tb,
Wolverhampton (AW),,02:07:00,C3: Maiden;,,0-55,,1.1841,1.7500,,"1: €9,145; 2: €2,945; 3: €1,395; 4: €620; 5: €310",13.0,75.96,-20.91,115.00,18,4.0,10.0,Al Kout,,2.500,12/1,,2.0,2018.0,120.0,2.5000,2.2500,4.0,51.0,9.0,14.0,Alan Persse,Alan Phillips,,,Anjaal,Al Gharrafa,Alflora,op 10/1 tchd 9/1 and tchd 12/1,tp,
,,02:10:00,C3: Maiden; C6: Hurdle;,,0-60,,1.2528,2.0000,,"1: €9,145; 2: €2,945; 3: €1,395; 4: €620; 5: €310; 6: €155",14.0,82.66,-20.70,116.00,2,13.0,4.0,Alzarri,,2.625,125/1,,11.0,2009.0,121.0,2.7500,2.5000,13.0,52.0,10.0,15.0,Alexander Fielding,Alastair Ralph,,,Antonius Pius (USA),Albertine Rose,Alhaarth,op 10/11 tchd 11/10,tv,
,,02:15:00,C3: Maiden; C7: Fillies;,,0-65,,1.4312,2.1250,,"1: £12,318; 2: £3,708; 3: £1,854; 4: £924; 5: £464; 6: £234",15.0,82.76,-19.60,117.00,3,5.0,13.0,Amaretto,,2.750,13/2,,8.0,2015.0,122.0,3.0000,2.7500,5.0,53.0,11.0,16.0,Alexander Thorne,Alex Hales,,,Approve (IRE),Alectrona (FR),Ali-Royal,op 10/3,v,
,,02:20:00,C3: National Hunt; C8: Flat;,,0-70,,1.4830,2.1875,,"1: £15,640; 2: £4,620; 3: £2,310; 4: £1,155; 5: £577.50; 6: £290",16.0,83.33,-18.67,118.00,4,16.0,5.0,Amazed By Grace,,2.875,13/8,,,,123.0,3.2500,3.0000,16.0,54.0,12.0,17.0,Alison Johnson,Alexandra Dunn,,,Arakan (USA),Alegra,Aljabr,op 10/3 tchd 11/4,w,
,,02:22:00,C3: Novice; C4: Handicap; C6: Chase;,,0-75,,1.5290,2.2500,,"1: £18,224; 2: £6,838.40; 3: £3,424; 4: £1,705.60; 5: £857.60; 6: £428.80",17.0,88.39,-17.40,119.00,5,2.0,16.0,Amber Kite,,3.000,14/1,,,,124.0,3.5000,3.2500,2.0,55.0,13.0,18.0,Alistair Rawlinson,Amy Murphy,,,Arcadio (GER),Alessandra,Alphabatim,op 10/3 tchd 16/5,,
,,02:30:00,C3: Novice; C4: Handicap; C6: Hurdle;,,0-80,,1.9784,2.3750,,"1: £19,848.50; 2: £7,525; 3: £3,766; 4: £1,876; 5: £941.50; 6: £472.50",18.0,90.26,-17.10,120.00,6,17.0,2.0,Amberine,,3.125,15/2,,,,125.0,3.7500,3.5000,17.0,56.0,14.0,19.0,Andrea Atzeni,Andrew Kinirons,,,Archange D'Or (IRE),Alice's Dancer (IRE),Alzao,op 10/3 tchd 3/1,,
,,02:35:00,C3: Novice; C4: Listed; C6: Hurdle;,,0-85,,1.9858,2.4375,,"1: £2,274.30; 2: £667.80; 3: £333.90; 4: £166.95",,91.66,-16.05,121.00,7,11.0,17.0,Amelia's Dance,,3.250,15/8,,,,126.0,4.0000,3.7500,11.0,57.0,15.0,20.0,Andrew Mullen,Andrew McNamara,,,Archipenko (USA),All Heart,Amadeus Wolf,op 10/3 tchd 7/2,,
,,02:40:00,C3: Novice; C6: Chase;,,45-65,,2.1011,2.5000,,"1: £2,682.77; 2: £832.05; 3: £415.81; 4: £300; 5: £300; 6: £300; 7: £300; 8: £300",,94.15,-16.00,122.00,8,14.0,11.0,Andonno,,3.500,150/1,,,,127.0,4.2500,4.0000,14.0,58.0,16.0,21.0,Andrew Slattery,Andrew Slattery,,,Arctic Cosmos (USA),All Magic (IRE),Anabaa,op 10/3 tchd 9/2,,
,,02:42:00,C3: Novice; C6: Hurdle;,,45-70,,2.2159,2.6250,,"1: £2,781.67; 2: £827.75; 3: £413.66; 4: £300; 5: £300; 6: £300; 7: £300; 8: £300",,94.89,-15.90,123.00,9,8.0,14.0,Angel's Whisper,,3.750,16/1,,,,128.0,4.5000,4.2500,8.0,59.0,17.0,23.0,Angus Villiers,Anthony Carson,,,Ask,Allerford Lily,Anabaa Blue,op 100/1,,
,,02:50:00,C3: Novice; C8: Stakes;,,80-109,,2.2511,3.0000,,"1: £2,794.14; 2: £820.44; 3: £410.22; 4: £350; 5: £350; 6: £350; 7: £350; 8: £350",,104.02,-15.39,124.00,F,,8.0,Another Tuco,,4.000,16/5,,,,129.0,4.7500,4.5000,,60.0,18.0,24.0,B J Cooper,Antony Brittain,,,Assertive,Aloisi,Ange Gabriel,op 100/1 tchd 150/1,,
,,02:57:00,C4: Handicap;,,80-95,,2.4119,3.1250,,"1: £2,989.08; 2: £877.68; 3: £438.84; 4: £219.42; 5: £350; 6: £350; 7: £350",,104.83,-15.00,125.00,PU,,,Apache Blaze,,4.200,17/2,,,,130.0,5.0000,4.7500,,61.0,19.0,25.0,Barry Browne,Archie Watson,,,Aussie Rules (USA),Alpha Style (GER),Anshan,op 100/1 tchd 50/1,,
,,03:00:00,C4: Handicap; C4: Group; C6: Chase;,,,,2.4682,3.1875,,"1: £2,989.08; 2: £877.68; 3: £438.84; 4: £350",,105.30,-14.12,126.00,UR,,,Apricot Moon,,4.333,18/1,,,,131.0,5.5000,5.0000,,62.0,20.0,26.0,Barry McHugh,Augustine Leahy,,,Australia,Alushta,Aptitude,op 11/1,,
,,03:05:00,C4: Handicap; C4: Group; C6: Hurdle;,,,,2.4818,3.6250,,"1: £2,989.08; 2: £877.68; 3: £438.84; 4: £350; 5: £350",,105.75,-13.99,128.00,,,,Arabescato,,4.500,18/5,,,,132.0,6.0000,5.2500,,63.0,21.0,27.0,Ben Coen,B R Hamilton,,,Authorized (IRE),Amber Queen (IRE),Araafa,op 11/1 and tchd 12/1,,
,,03:10:00,C4: Handicap; C5: Grade B; C6: Chase;,,,,2.5284,,,"1: £2,989.08; 2: £877.68; 3: £438.84; 4: £350; 5: £350; 6: £350; 7: £350; 8: £350",,108.26,-13.80,129.00,,,,Archies Charm,,4.600,2/1,,,,133.0,6.5000,5.5000,,64.0,22.0,28.0,Ben Curtis,Barbara Butterworth,,,Awtaad (IRE),Andrea Gale (IRE),Arakan,op 11/1 tchd 10/1,,
,,03:17:00,C4: Handicap; C6: Chase;,,,,2.6131,,,"1: £25,024; 2: £7,392; 3: £3,696; 4: £1,848; 5: £924; 6: £464",,110.99,-13.60,130.00,,,,Arctic Flower,,5.000,20/1,,,,134.0,7.0000,5.7500,,65.0,23.0,29.0,Ben Poste,Barry Brennan,,,Bahamian Bounty,Angara,Arcano,op 11/1 tchd 14/1,,
,,03:20:00,C4: Handicap; C6: Hurdle;,,,,2.6409,,,"1: £3,249; 2: £954; 3: £477; 4: £238.50",,112.39,-12.51,132.00,,,,Artemision,,5.500,200/1,,,,135.0,7.5000,6.0000,,66.0,24.0,30.0,Ben Robinson,Ben Haslam,,,Balko (FR),Angel Grace (IRE),Arch,op 11/1 tchd 16/1,,
,,03:25:00,C4: Listed; C6: Hurdle;,,,,2.9835,,,"1: £3,428.57; 2: £1,020.25; 3: £509.86; 4: £254.93",,113.00,-12.50,134.00,,,,Artistic Work,,6.000,22/1,,,,136.0,8.0000,6.2500,,67.0,25.0,31.0,Billy Garritty,Ben Pauling,,,Ballingarry (IRE),Angels Story (IRE),Arctic Lord,op 11/1 tchd 17/2,,
,,03:30:00,C4: Listed; C7: Fillies; C8: Stakes;,,,,3.0284,,,"1: £3,428.57; 2: £1,020.25; 3: £509.86; 4: £300; 5: £300; 6: £300; 7: £300; 8: £300",,113.05,-12.30,,,,,Atalanta Breeze,,6.500,25/1,,,,137.0,8.5000,6.5000,,68.0,26.0,33.0,Brendan Powell,Bernard Llewellyn,,,Bated Breath,Anna Barkova (IRE),Aristocracy,op 11/1 tchd 22/1,,
,,03:32:00,C4: Listed; C8: Stakes;,,,,3.1233,,,"1: £3,557.95; 2: £1,058.75; 3: £529.10; 4: £264.55",,113.43,-12.10,,,,,Atalanta Queen,,7.000,250/1,,,,138.0,9.0000,6.7500,,69.0,27.0,34.0,Brett Doyle,Brett Johnson,,,Beat Hollow,Aptina (USA),Artan,op 11/1 tchd 8/1,,
,,03:35:00,C6: Hurdle;,,,,3.2114,,,"1: £3,557.95; 2: £1,058.75; 3: £529.10; 4: £300; 5: £300; 6: £300; 7: £300",,120.90,-11.70,,,,,Atletico,,7.500,28/1,,,,139.0,9.5000,7.0000,,70.0,28.0,35.0,Brian Hayes,Brian Ellison,,,Belardo (IRE),Aqua Breezer (IRE),Ashkalani,op 11/2,,
,,03:40:00,C8: Flat;,,,,3.6523,,,"1: £3,557.95; 2: £1,058.75; 3: £529.10; 4: £300; 5: £300; 6: £300; 7: £300; 8: £300",,131.57,-11.63,,,,,Atomic Jack,,8.000,3/1,,,,140.0,10.0000,7.2500,,71.0,29.0,36.0,Brian Hughes,Brian Jordan,,,Beneficial,Aquatint,Atraf,op 11/2 tchd 12/1,,
,,03:45:00,,,,,,,,"1: £3,768.84; 2: £1,106.64; 3: £553.32; 4: £276.66",,140.51,-11.25,,,,,Aurora Princess,,8.500,300/1,,,,141.0,11.0000,7.5000,,72.0,30.0,37.0,Bruce Lynn,Bryan Smart,,,Big Bad Bob (IRE),Ar Muin Na Muice (IRE),Authorized,op 11/2 tchd 13/2,,
,,03:50:00,,,,,,,,"1: £3,768.84; 2: £1,106.64; 3: £553.32; 4: £350; 5: £350",,143.59,-11.05,,,,,Awake My Soul,,9.000,33/1,,,,142.0,12.0000,7.7500,,73.0,31.0,38.0,Bryan Carver,Camilla Poulton,,,Blue Bresil (FR),Arabescatta,Avonbridge,op 11/2 tchd 4/1,,
,,03:52:00,,,,,,,,"1: £3,768.84; 2: £1,106.64; 3: £553.32; 4: £350; 5: £350; 6: £350",,143.90,-10.92,,,,,Awkwafina,,9.500,4/1,,,,143.0,13.0000,8.0000,,74.0,32.0,39.0,Bryony Frost,Charles Hills,,,Born To Sea (IRE),Arabian Hideway (IRE),Azamour,op 11/2 tchd 5/1,,
,,04:00:00,,,,,,,,"1: £4,288.68; 2: £1,259.28; 3: £629.64; 4: £350; 5: £350; 6: £350; 7: £350",,153.33,-10.89,,,,,Azor Ahai,,10.000,4/6,,,,144.0,14.0000,8.2500,,75.0,33.0,40.0,Callum Bewley,Charles O'Brien,,,Brian Boru,Araqella (IRE),Bach,op 11/2 tchd 9/2,,
,,04:05:00,,,,,,,,"1: £4,288.68; 2: £1,259.28; 3: £629.64; 4: £350; 5: £350; 6: £350; 7: £350; 8: £350",,159.58,-10.30,,,,,Bad Attitude,,11.000,4/9,,,,145.0,15.0000,8.5000,,76.0,34.0,41.0,Callum Rodriguez,Charlie Fellowes,,,Buratino (IRE),Arbaah (USA),Bachelor Duke,op 11/4,,
,,04:07:00,,,,,,,,"1: £4,463.61; 2: £1,328.25; 3: £663.78; 4: £331.89",,159.92,-10.15,,,,,Ballard Down,,12.000,40/1,,,,146.0,16.0000,8.7500,,77.0,35.0,42.0,Callum Shepherd,Charlie Longsdon,,,Burwaaz,Arctic Passage (GER),Bad As I Wanna Be,op 11/4 tchd 7/2,,
,,04:10:00,,,,,,,,"1: £5,207.54; 2: £1,549.62; 3: £774.41; 4: £387.21; 5: £300; 6: £300; 7: £300; 8: £300",,161.23,-9.83,,,,,Ballyadam Destiny,,13.000,5/1,,,,147.0,17.0000,9.0000,,78.0,36.0,43.0,Cathal Landers,Charlie Mann,,,Cable Bay (IRE),Arctic Ring,Bahamian Bounty,op 11/8,,
,,04:15:00,,,,,,,,"1: £5,498.65; 2: £1,636.25; 3: £817.70; 4: £408.85; 5: £300; 6: £300; 7: £300",,176.14,-9.33,,,,,Ballyandy,,15.000,5/2,,,,148.0,18.0000,9.2500,,79.0,37.0,44.0,Charles Bishop,Chris Fairhurst,,,Cachet Noir (USA),Arctic Royal (IRE),Bahhare,op 11/8 tchd 15/8,,
,,04:20:00,,,,,,,,"1: £5,498.65; 2: £1,636.25; 3: £817.70; 4: £408.85; 5: £300; 6: £300; 7: £300; 8: £300",,206.10,-9.19,,,,,Ballydoyle,,17.000,5/4,,,,149.0,19.0000,9.5000,,80.0,38.0,45.0,Charlie Bennett,Chris Gordon,,,Cacique (IRE),Are You Mine (IRE),Banyumanik,op 11/8 tchd 7/4,,
,,04:25:00,,,,,,,,"1: £5,913.18; 2: £1,736.28; 3: £868.14; 4: £434.07; 5: £350; 6: £350; 7: £350",,219.04,-9.00,,,,,Banoffee,,19.000,50/1,,,,150.0,20.0000,9.7500,,81.0,39.0,46.0,Charlie Deutsch,Chris Grant,,,Califet (FR),As Good As Gold (IRE),Barathea,op 12/1,,
,,04:27:00,,,,,,,,"1: £5,913.18; 2: £1,736.28; 3: £868.14; 4: £434.07; 5: £350; 6: £350; 7: £350; 8: £350",,219.17,-8.76,,,,,Baron Wild,,21.000,6/1,,,,151.0,21.0000,10.0000,,82.0,40.0,47.0,Charlie Hammond,Chris Honour,,,Camacho,Ascendancy,Barathea Guest,op 12/1 tchd 10/1,,
,,04:30:00,,,,,,,,"1: £7,017.84; 2: £2,060.64; 3: £1,030.32",,219.74,-8.75,,,,,Barossa Red,,23.000,6/4,,,,152.0,22.0000,10.2500,,83.0,41.0,48.0,Charlie O'Dwyer,Chris McSharry,,,Camelot,Ash,Be My Guest,op 12/1 tchd 11/1,,
,,04:33:00,,,,,,,,"1: £7,147.80; 2: £2,098.80; 3: £1,049.40; 4: £524.70; 5: £350; 6: £350; 7: £350",,221.20,-8.66,,,,,Barretstown,,26.000,66/1,,,,153.0,23.0000,10.5000,,84.0,42.0,49.0,Charlie Price,Christian Williams,,,Canford Cliffs (IRE),Asiya (USA),Be My Native,op 12/1 tchd 11/1 and tchd 14/1,,
,,04:35:00,,,,,,,,"1: £7,189.56; 2: £2,232.36; 3: £1,202.04",,223.16,-8.56,,,,,Barrington Court,,29.000,7/1,,,,154.0,24.0000,10.7500,,85.0,43.0,50.0,Charlie Todd,Clive Cox,,,Cape Cross (IRE),Asteya (IRE),Beat All,op 12/1 tchd 14/1,,
,,04:40:00,,,,,,,,"1: £9,112; 2: £3,419.20; 3: £1,712; 4: £852.80; 5: £428.80",,223.70,-7.69,,,,,Bartleys Boy,,34.000,7/2,,,,155.0,25.0000,11.0000,,86.0,44.0,51.0,Chris Hayes,Colin Tizzard,,,Carlotamix (FR),Athreyaa,Beat Hollow,op 12/1 tchd 15/2,,
,,04:43:00,,,,,,,,,,223.90,-7.11,,,,,Basford Dan,,41.000,7/4,,,,156.0,26.0000,11.2500,,87.0,45.0,52.0,Ciaran Gethings,Conor O'Dwyer,,,Casamento (IRE),Atlantide (USA),Beau Genius,op 12/1 tchd 16/1,,
,,04:50:00,,,,,,,,,,224.31,-7.07,,,,,Battle Angel,,51.000,7/5,,,,157.0,28.0000,11.5000,,88.0,46.0,53.0,Ciaran Mckee,D E Fitzgerald,,,Champs Elysees,Attire (IRE),Beneficial,op 12/1 tchd 18/1,,
,,04:55:00,,,,,,,,,,225.80,-6.56,,,,,Battleofthesomme,,67.000,8/1,,,,158.0,29.0000,11.7500,,89.0,47.0,54.0,Cieren Fallon,D J Bunyan,,,Charming Thought,Avenging Angel (IRE),Bering,op 12/1 tchd 9/1 and tchd 14/1,,
,,05:00:00,,,,,,,,,,227.55,-6.31,,,,,Bbold,,81.000,8/11,,,,159.0,30.0000,12.0000,,90.0,48.0,55.0,Cillin Leonard,D J Jeffreys,,,Cityscape,Ayasha,Beveled,op 125/1,,
,,05:05:00,,,,,,,,,,234.30,-6.24,,,,,Beach Break,,101.000,8/13,,,,160.0,32.0000,12.2500,,91.0,49.0,56.0,Colin Keane,D K Weld,,,Clodovil (IRE),Azaban (IRE),Big Shuffle,op 125/1 tchd 200/1,,
,,05:10:00,,,,,,,,,,241.70,-6.23,,,,,Bear Attraction,,126.000,80/1,,,,161.0,35.0000,12.5000,,92.0,50.0,57.0,Colm McCormack,Dai Burchell,,,Coach House (IRE),Azelle,Birdstone,op 125/1 tchd 80/1,,
,,05:20:00,,,,,,,,,,243.00,-5.85,,,,,Belle Image,,151.000,85/40,,,,162.0,39.0000,12.7500,,93.0,51.0,58.0,Connor Beasley,Daniel & Claire Kubler,,,Coastal Path,Azharia,Bishop Of Cashel,op 13/2,,
,,05:30:00,,,,,,,,,,251.91,-5.16,,,,,Bellevarde Express,,201.000,9/1,,,,163.0,40.0000,13.0000,,94.0,52.0,59.0,Connor Brace,David Barron,,,Cokoriko (FR),B Berry Brandy (USA),Blame,op 13/2 and tchd 17/2,,
,,05:40:00,,,,,,,,,,254.20,-5.07,,,,,Benadalid,,251.000,9/2,,,,164.0,47.0000,13.2500,,95.0,53.0,60.0,Conor D Walsh,David Bridgwater,,,Compton Place,Bacherole (IRE),Bluebird,op 13/2 tchd 11/2,,
,,06:00:00,,,,,,,,,,255.92,-4.90,,,,,Best On Stage,,301.000,9/4,,,,165.0,55.0000,13.5000,,96.0,54.0,61.0,Conor Hoban,David Brown,,,Coulsty (IRE),Ballcrina Girl (IRE),Bob Back,op 13/2 tchd 15/2,,
,,06:30:00,,,,,,,,,,262.60,-4.80,,,,,Between The Waters,,,,,,,166.0,61.0000,13.7500,,97.0,55.0,62.0,Conor Maxwell,David C Griffiths,,,Court Cave (IRE),Ballygologue (IRE),Bob's Return,op 13/2 tchd 6/1,,
,,07:00:00,,,,,,,,,,264.50,-4.70,,,,,Bigga Da Betta,,,,,,,168.0,75.0000,14.0000,,98.0,56.0,63.0,Conor McNamara,David Evans,,,Craigsteel,Baltic Belle (IRE),Bravefoot,op 13/2 tchd 9/1,,
,,07:30:00,,,,,,,,,,270.10,-4.58,,,,,Blackcastle Storm,,,,,,,169.0,,14.2500,,99.0,57.0,64.0,Conor O'Farrell,David Flood,,,Crillon (FR),Banksia,Broadway Flyer,op 13/8,,
,,08:00:00,,,,,,,,,,277.00,-4.26,,,,,Blackpoint,,,,,,,,,14.5000,,100.0,58.0,65.0,Conor Orr,David Harry Kelly,,,Curtain Time (IRE),Barrack Star (IRE),Broken Hearted,op 13/8 tchd 5/4,,
,,08:30:00,,,,,,,,,,281.60,-4.23,,,,,Blazing Son,,,,,,,,,14.7500,,101.0,59.0,66.0,Conor Ring,David Loughnane,,,Dandy Man (IRE),Barring Decree (IRE),Byron,op 14/1,,
,,12:45:00,,,,,,,,,,289.40,-3.90,,,,,Blue Battalion,,,,,,,,,15.0000,,102.0,60.0,67.0,Dale Irving,David O'Meara,,,Dansili,Barshiba (IRE),Cacique,op 14/1 and tchd 20/1,,
,,,,,,,,,,,,294.11,-3.78,,,,,Blue Bunny,,,,,,,,,15.2500,,103.0,61.0,68.0,Daniel Holden,David Pipe,,,Dapper,Barter,Cadeaux Genereux,op 14/1 tchd 12/1,,
,,,,,,,,,,,,294.40,-3.60,,,,,Bohenie,,,,,,,,,15.5000,,104.0,62.0,69.0,Daniel Muscutt,David Rees,,,Dark Angel (IRE),Batren's Garden (IRE),Caerleon,op 14/1 tchd 16/1,,
,,,,,,,,,,,,297.30,-3.42,,,,,Boher Lad,,,,,,,,,15.7500,,105.0,63.0,70.0,Daniel Sansom,David Simcock,,,Dawn Approach (IRE),Beach Belle,Califet,op 14/1 tchd 18/1,,
,,,,,,,,,,,,298.25,-3.39,,,,,Boojoom,,,,,,,,,16.0000,,106.0,64.0,71.0,Daniel Tudhope,David Thompson,,,Declaration Of War (USA),Bean Ki Moon (IRE),Camacho,op 14/1 tchd 22/1,,
,,,,,,,,,,,,303.69,-3.29,,,,,Bosca Cheoil,,,,,,,,,16.2500,,107.0,65.0,72.0,Danny McMenamin,David Weston,,,Denham Red (FR),Beauty Is Truth (IRE),Candy Ride,op 14/1 tchd 25/1,,
,,,,,,,,,,,,308.00,-3.26,,,,,Bossipop,,,,,,,,,16.5000,,108.0,66.0,73.0,Darragh O'Keeffe,Dean Ivory,,,Doctor Dino (FR),Bedouin Bride (USA),Cape Cross,op 14/1 tchd 28/1,,
,,,,,,,,,,,,319.20,-2.39,,,,,Bounty Pursuit,,,,,,,,,16.7500,,109.0,67.0,74.0,Daryl Jacob,Debra Hamer,,,Double Eclipse (IRE),Begin The Beguine (IRE),Captain Rio,op 15/2,,
,,,,,,,,,,,,324.10,-1.91,,,,,Brain Power,,,,,,,,,17.0000,,110.0,68.0,75.0,Dave Crosse,Declan Carroll,,,Doyen (IRE),Beldale Memory (IRE),Catcher In The Rye,op 15/2 tchd 13/2,,
,,,,,,,,,,,,330.30,-1.88,,,,,Breaking News,,,,,,,,,17.2500,,111.0,69.0,76.0,David Bass,Denis Coakley,,,Dr Massini (IRE),Belle Blonde (IRE),Cayman Kai,op 15/2 tchd 6/1,,
,,,,,,,,,,,,357.29,-1.74,,,,,Brehon Star,,,,,,,,,17.5000,,112.0,70.0,77.0,David Egan,Derek Frankland,,,Dragon Pulse (IRE),Benefit Ball (IRE),Cee's Tizzy,op 15/2 tchd 7/1,,
,,,,,,,,,,,,360.70,0.83,,,,,Brian Boranha,,,,,,,,,17.7500,,113.0,71.0,78.0,David Noonan,Derek Shaw,,,Dream Ahead (USA),Best Moving (GER),Champs Elysees,op 15/2 tchd 7/1 and tchd 11/1,,
,,,,,,,,,,,,366.12,0.96,,,,,Bridgets Cross,,,,,,,,,18.0000,,114.0,72.0,79.0,David Probert,Dermot Murphy,,,Dream Eater (IRE),Best Tune,Chester House,op 15/2 tchd 7/1 and tchd 9/1,,
,,,,,,,,,,,,367.00,3.08,,,,,Brightburn,,,,,,,,,18.2500,,115.0,73.0,80.0,Declan McDonogh,Dianne Sayer,,,Dubai Destination (USA),Betray,Chocolat De Meguro,op 15/2 tchd 9/1,,
,,,,,,,,,,,,368.10,,,,,,Brilliant Question,,,,,,,,,18.5000,,116.0,74.0,81.0,Denis O'Regan,Dominic Ffrench Davis,,,Dubawi (IRE),Bid To Win (IRE),Choisir,op 150/1,,
,,,,,,,,,,,,398.67,,,,,,Brosna Empress,,,,,,,,,18.7500,,117.0,75.0,82.0,Derek Fox,Donal Coffey,,,Due Diligence (USA),Big Sylv (IRE),Classic Cliche,op 150/1 tchd 250/1,,
,,,,,,,,,,,,449.60,,,,,,Brother Scott,,,,,,,,,19.0000,,118.0,76.0,83.0,Donagh Meyler,Donald McCain,,,Dutch Art,Bikini,Clodovil,op 150/1 tchd 300/1,,
,,,,,,,,,,,,,,,,,,Brotherly Company,,,,,,,,,19.2500,,119.0,77.0,84.0,Donal McInerney,Donnacha Aidan O'Brien,,,Dylan Thomas (IRE),Blazing Belle (IRE),College Chapel,op 16/1,,
,,,,,,,,,,,,,,,,,,Budanova,,,,,,,,,19.5000,,120.0,78.0,85.0,Dougie Costello,Dr Richard Newland,,,Electric Beat,Blhadawa (IRE),Common Grounds,op 16/1 and tchd 20/1,,
,,,,,,,,,,,,,,,,,,Bullock Park,,,,,,,,,19.7500,,121.0,79.0,86.0,Duran Fentiman,E J O'Grady,,,Elusive Pimpernel (USA),Blond Beauty (USA),Compton Place,op 16/1 tchd 11/1,,
,,,,,,,,,,,,,,,,,,Burano Boy,,,,,,,,,20.0000,,122.0,80.0,87.0,Dylan Browne McMonagle,E McNamara,,,Elzaam (AUS),Blonde Ambition (IRE),Consolidator,op 16/1 tchd 14/1,,
,,,,,,,,,,,,,,,,,,Burj Malinka,,,,,,,,,20.2500,,123.0,81.0,88.0,Dylan Hogan,E Sheehy,,,Epaulette (AUS),Blue Ciel,Craigsteel,op 16/1 tchd 14/1 and tchd 20/1,,
,,,,,,,,,,,,,,,,,,Buttons And Bows,,,,,,,,,20.5000,,124.0,82.0,89.0,Dylan Robinson,Ed Dunlop,,,Equiano (FR),Blue Gallery (IRE),Daaher,op 16/1 tchd 22/1,,
,,,,,,,,,,,,,,,,,,Buzz,,,,,,,,,20.7500,,125.0,83.0,90.0,Edward Greatrex,Ed Walker,,,Es Que Love (IRE),Blue Maiden,Dalakhani,op 16/1 tchd 25/1,,
,,,,,,,,,,,,,,,,,,Cabin Hill,,,,,,,,,21.0000,,126.0,84.0,91.0,Edward Rees,Edward P Harty,,,Estidhkaar (IRE),Blue Paraiba (IRE),Dancing Brave,op 16/1 tchd 28/1,,
,,,,,,,,,,,,,,,,,,Camdeboo,,,,,,,,,21.2500,,127.0,85.0,92.0,Ellie MacKenzie,Ella Pickard,,,Evasive,Bluebell Park (USA),Dancing Dissident,op 16/5,,
,,,,,,,,,,,,,,,,,,Can't Stop Now,,,,,,,,,21.5000,,128.0,86.0,93.0,Emma Doyle,Emma Lavelle,,,Exceed And Excel (AUS),Bobailin (IRE),Danehill,op 17/2,,
,,,,,,,,,,,,,,,,,,Capla Lass,,,,,,,,,21.7500,,129.0,87.0,94.0,Emmet McNamara,Emmet Mullins,,,Excelebration (IRE),Bonnet's Pieces,Danehill Dancer,op 17/2 and tchd 10/1,,
,,,,,,,,,,,,,,,,,,Capone,,,,,,,,,22.0000,,130.0,88.0,95.0,Eoin G Kelly,Eugene M O'Sullivan,,,Fair Mix (IRE),Bora Blues,Danetime,op 17/2 tchd 10/1,,
,,,,,,,,,,,,,,,,,,Captains Run,,,,,,,,,22.2500,,132.0,89.0,96.0,Eoin Walsh,Evan Williams,,,Fame And Glory,Boucheron,Dansili,op 17/2 tchd 11/1,,
,,,,,,,,,,,,,,,,,,Caro Des Flos,,,,,,,,,22.5000,,134.0,90.0,97.0,Faye McManoman,Fergal O'Brien,,,Famous Name,Bring Back Matron (IRE),Danzig,op 17/2 tchd 15/2,,
,,,,,,,,,,,,,,,,,,Case Key,,,,,,,,,22.7500,,135.0,91.0,98.0,Fergus Gillard,G M Lyons,,,Fast Company (IRE),Brogarais (IRE),Dark Angel,op 17/2 tchd 7/1,,
,,,,,,,,,,,,,,,,,,Casimir Du Clos,,,,,,,,,23.0000,,136.0,92.0,99.0,Fergus Gregory,Garvan Donnelly,,,Fastnet Rock (AUS),Broken Pockets (IRE),Darshaan,op 17/2 tchd 7/1 and tchd 9/1,,
,,,,,,,,,,,,,,,,,,Celestial Object,,,,,,,,,23.2500,,137.0,93.0,100.0,Finley Marsh,Gary Moore,,,Finjaan,Brook Style (IRE),Daylami,op 17/2 tchd 8/1,,
,,,,,,,,,,,,,,,,,,Cerro Bayo,,,,,,,,,23.5000,,138.0,94.0,101.0,Franny Norton,Gavin Cromwell,,,Finsceal Fior (IRE),Brosnan (IRE),Deep Impact,op 17/2 tchd 9/1,,
,,,,,,,,,,,,,,,,,,Cesar Du Gouet,,,,,,,,,23.7500,,139.0,95.0,102.0,G B Noonan,Gay Kelleway,,,Flemensfirth (USA),Brownie Points (IRE),Definite Article,op 18/1,,
,,,,,,,,,,,,,,,,,,Champs De Reves,,,,,,,,,24.0000,,140.0,96.0,103.0,Gary Carroll,Gearoid O'Loughlin,,,Footstepsinthesand,Buck's Blue (FR),Deploy,op 18/1 tchd 14/1,,
,,,,,,,,,,,,,,,,,,Chanceanotherfive,,,,,,,,,24.2500,,141.0,97.0,104.0,Gary Halpin,George Baker,,,Fountain Of Youth (IRE),Bugie D'Amore,Desert King,op 18/1 tchd 20/1,,
,,,,,,,,,,,,,,,,,,Charles Le Brun,,,,,,,,,24.5000,,142.0,98.0,105.0,Gavin Ashton,George Bewley,,,Foxwedge (AUS),Cambara,Desert Prince,op 18/1 tchd 22/1,,
,,,,,,,,,,,,,,,,,,Charlie Fellowes,,,,,,,,,24.7500,,143.0,99.0,106.0,Gavin Brouder,George Boughey,,,Fracas (IRE),Cannot Give (USA),Desert Style,op 18/1 tchd 28/1,,
,,,,,,,,,,,,,,,,,,Charlottes Way,,,,,,,,,25.0000,,144.0,100.0,107.0,Gavin Ryan,George Scott,,,Fragrant Mix (IRE),Canukeepasecret,Diamond Green,op 18/1 tchd 33/1,,
,,,,,,,,,,,,,,,,,,Chelsea Flyer,,,,,,,,,25.2500,,145.0,101.0,108.0,George Downing,Georgie Howell,,,Frankel,Cape Dollar (IRE),Diktat,op 18/1 tchd 40/1,,
,,,,,,,,,,,,,,,,,,Cheng Gong,,,,,,,,,25.5000,,146.0,103.0,109.0,George Rooke,Gerard Keane,,,Franklins Gardens,Capulet Monteque (IRE),Dilshaan,op 2/1,,
,,,,,,,,,,,,,,,,,,Cherry Cola,,,,,,,,,25.7500,,150.0,104.0,110.0,George Wood,Gerard O'Leary,,,Free Eagle (IRE),Carioca (IRE),Dilum,op 2/1 tchd 5/2,,
,,,,,,,,,,,,,,,,,,Chilko Lake,,,,,,,,,26.0000,,151.0,105.0,111.0,Gina Mangan,Gillian Scott,,,Fruits Of Love (USA),Carmencita,Distorted Humor,op 20/1,,
,,,,,,,,,,,,,,,,,,Chimeric,,,,,,,,,26.2500,,152.0,109.0,112.0,Graham Carson,Gordon Elliott,,,Fulbright,Carsulae (IRE),Dom Alco,op 20/1 tchd 18/1,,
,,,,,,,,,,,,,,,,,,Chinese Whisperer,,,,,,,,,26.5000,,154.0,111.0,114.0,Graham Lee,Grace Harris,,,Galileo (IRE),Cartoon,Dowsing,op 20/1 tchd 18/1 and tchd 25/1,,
,,,,,,,,,,,,,,,,,,Christmas Night,,,,,,,,,26.7500,,158.0,112.0,115.0,Hannah Fraser,Graeme McPherson,,,Garswood,Casablanca Jewel (IRE),Dr Fong,op 20/1 tchd 22/1,,
,,,,,,,,,,,,,,,,,,Chummie,,,,,,,,,27.0000,,160.0,113.0,116.0,Harrison Shaw,Harriet Graham,,,Gentlewave (IRE),Cascata (IRE),Dubai Destination,op 20/1 tchd 33/1,,
,,,,,,,,,,,,,,,,,,Cisco Disco,,,,,,,,,27.2500,,162.0,114.0,117.0,Harry Bannister,Harry Fry,,,Geordieland (FR),Cashel Mead,Dubawi,op 200/1 tchd 300/1,,
,,,,,,,,,,,,,,,,,,Clondaw Fixer,,,,,,,,,27.5000,,,116.0,118.0,Harry Bentley,Harry Whittington,,,Germany (USA),Cassandane (IRE),Dutch Art,op 22/1,,
,,,,,,,,,,,,,,,,,,Coastal Mist,,,,,,,,,27.7500,,,117.0,119.0,Harry Cobden,Heather Main,,,Getaway (GER),Cat Hunter,Efisio,op 22/1 tchd 20/1,,
,,,,,,,,,,,,,,,,,,Cobra Commander,,,,,,,,,28.5000,,,118.0,120.0,Harry Reed,Henry Daly,,,Gleneagles (IRE),Catch Ball,Ekraar,op 22/1 tchd 28/1,,
,,,,,,,,,,,,,,,,,,Cockalorum,,,,,,,,,29.0000,,,119.0,121.0,Harry Skelton,Henry De Bromhead,,,Golan (IRE),Cayman Fox,El Prado,op 22/1 tchd 33/1,,
,,,,,,,,,,,,,,,,,,Codebook,,,,,,,,,29.2500,,,124.0,122.0,Hayley Turner,Hughie Morrison,,,Gold Well,Ceaseless (IRE),Elusive Quality,op 22/1 tchd 40/1,,
,,,,,,,,,,,,,,,,,,Colfer Kay,,,,,,,,,29.5000,,,129.0,123.0,Hector Crouch,Hugo Palmer,,,Golden Horn,Celtic House (IRE),Entrepreneur,op 25/1,,
,,,,,,,,,,,,,,,,,,Combine,,,,,,,,,29.7500,,,131.0,124.0,Henry Brooke,Iain Jardine,,,Great Palm (USA),Chalnetta (FR),Epervier Bleu,op 25/1 and tchd 28/1,,
,,,,,,,,,,,,,,,,,,Commit Or Quit,,,,,,,,,30.0000,,,135.0,125.0,Hollie Doyle,Ian O'Connor,,,Green Tune (USA),Champagne Aerial (IRE),Event Of The Year,op 25/1 tchd 18/1,,
,,,,,,,,,,,,,,,,,,Conchita,,,,,,,,,30.2500,,,147.0,126.0,Ian Power,Ian Williams,,,Gregorian (IRE),Charismas Birthday (IRE),Exceed And Excel,op 25/1 tchd 20/1,,
,,,,,,,,,,,,,,,,,,Constancio,,,,,,,,,30.5000,,,,127.0,Isabel Williams,Ivan Furtado,,,Gutaifan (IRE),Charliebob,Excellent Art,op 25/1 tchd 22/1,,
,,,,,,,,,,,,,,,,,,Cooder,,,,,,,,,31.0000,,,,128.0,J F Egan,J A Nash,,,Haatef (USA),Chase The Favorite (IRE),Executive Perk,op 25/1 tchd 28/1,,
,,,,,,,,,,,,,,,,,,Coolbane Boy,,,,,,,,,31.2500,,,,129.0,J J Slevin,J P Murtagh,,,Hallowed Crown (AUS),Cheeky Girl,Exit To Nowhere,op 25/1 tchd 33/1,,
,,,,,,,,,,,,,,,,,,Cooline Bluebell,,,,,,,,,31.5000,,,,130.0,Jack Garritty,J R Barry,,,Harbour Watch (IRE),Chicharito's Gem (IRE),Fair Mix,op 28/1,,
,,,,,,,,,,,,,,,,,,Coolongolook,,,,,,,,,31.7500,,,,132.0,Jack Quinlan,J R Jenkins,,,Harzand (IRE),Chincoteague (IRE),Falbrav,op 28/1 tchd 25/1,,
,,,,,,,,,,,,,,,,,,Cooper's Cross,,,,,,,,,32.0000,,,,133.0,Jack Tudor,J S Bolger,,,Havana Gold (IRE),Chitabe (IRE),Fantastic Light,op 28/1 tchd 40/1,,
,,,,,,,,,,,,,,,,,,Coosan Clover,,,,,,,,,32.2500,,,,134.0,Jack Wildman,Jack W Davison,,,Heeraat (IRE),Cin Cin (IRE),Fasliyev,op 3/1,,
,,,,,,,,,,,,,,,,,,Coral Blue,,,,,,,,,32.7500,,,,135.0,James Best,Jackie Stephen,,,Helmet (AUS),Clear Impression (IRE),Fast Company,op 3/1 tchd 10/3,,
,,,,,,,,,,,,,,,,,,Costalotmore,,,,,,,,,33.0000,,,,137.0,James Bowen,James Bennett,,,Holy Roman Emperor (IRE),Clifton Miss (IRE),Fastnet Rock,op 3/1 tchd 11/4 and tchd 7/2,,
,,,,,,,,,,,,,,,,,,Coul Kat,,,,,,,,,33.2500,,,,140.0,James Davies,James Fanshawe,,,Hot Streak (IRE),Clohass Lane,First Trump,op 3/1 tchd 4/1,,
,,,,,,,,,,,,,,,,,,Coulthard,,,,,,,,,33.7500,,,,141.0,James Doyle,James M Barrett,,,Hurricane Cat (USA),Clouds Rest,Flemensfirth,op 3/1 tchd 5/2 and tchd 16/5,,
,,,,,,,,,,,,,,,,,,Country Charm,,,,,,,,,34.0000,,,,142.0,James Sullivan,James Tate,,,Iffraaj,Codera (GER),Footstepsinthesand,op 3/1 tchd 9/4,,
,,,,,,,,,,,,,,,,,,Court Duty,,,,,,,,,34.2500,,,,144.0,Jamie Bargary,Jamie Snowden,,,Indian River (FR),Come The Dawn,Fraam,op 33/1,,
,,,,,,,,,,,,,,,,,,Covert Mission,,,,,,,,,34.7500,,,,146.0,Jamie Hamilton,Jane Chapple-Hyam,,,Intense Focus (USA),Compelled (IRE),Freedom Cry,op 33/1 tchd 22/1 and tchd 40/1,,
,,,,,,,,,,,,,,,,,,Crazy Love,,,,,,,,,35.2500,,,,147.0,Jane Elliott,Jarlath P Fahey,,,Invincible Spirit (IRE),Compton Mews,Frozen Power,op 33/1 tchd 25/1,,
,,,,,,,,,,,,,,,,,,Create Belief,,,,,,,,,36.2500,,,,148.0,Jason Hart,Jedd O'Keeffe,,,Ivawood (IRE),Contemplate,Fusaichi Pegasus,op 33/1 tchd 28/1,,
,,,,,,,,,,,,,,,,,,Creative Mojo,,,,,,,,,37.2500,,,,149.0,Jason Watson,Jennie Candlish,,,Jeremy (USA),Cool Tarifa (IRE),Galileo,op 33/1 tchd 40/1,,
,,,,,,,,,,,,,,,,,,Critique,,,,,,,,,37.7500,,,,153.0,Jeremiah McGrath,Jeremy Scott,,,Jimble (FR),Coosan Belle (IRE),Garde Royale,op 33/1 tchd 50/1,,
,,,,,,,,,,,,,,,,,,Crooks Peak,,,,,,,,,38.2500,,,,156.0,Joe Colliver,Jim Boyle,,,Josr Algarhoud (IRE),Count On Me (IRE),Generous,op 33/1 tchd 66/1,,
,,,,,,,,,,,,,,,,,,Cropley,,,,,,,,,39.0000,,,,157.0,Joe Doyle,John Berry,,,Jukebox Jury (IRE),Countess Of Milan (IRE),Giant's Causeway,op 33/1and tchd 40/1,,
,,,,,,,,,,,,,,,,,,Crossfirehurricane,,,,,,,,,39.5000,,,,160.0,Joe Fanning,John Bridger,,,Kadeed (IRE),Cracking Lass (IRE),Glacial Storm,op 4/1,,
,,,,,,,,,,,,,,,,,,Crossguns,,,,,,,,,40.0000,,,,,Jonathan Burke,John Butler,,,Kalanisi (IRE),Craighall,Goldmark,op 4/1 and tchd 9/2,,
,,,,,,,,,,,,,,,,,,Cruyff Turn,,,,,,,,,40.7500,,,,,Jonathon Bewley,John C McConnell,,,Kapgarde (FR),Crannaghbeg Lady (IRE),Good Thyne,op 4/1 tchd 10/3,,
,,,,,,,,,,,,,,,,,,Cuba Ruba,,,,,,,,,41.0000,,,,,Jonjo O'Neill Jr,John E Kiely,,,Kayf Tara,Crimson Bow (GER),Goofalik,op 4/1 tchd 5/1,,
,,,,,,,,,,,,,,,,,,Dakota Moirette,,,,,,,,,41.5000,,,,,Jordan Canavan,John Flint,,,Kendargent (FR),Crimson Fern (IRE),Grand Plaisir,op 4/1 tchd 7/2,,
,,,,,,,,,,,,,,,,,,Daliyah,,,,,,,,,41.7500,,,,,Josephine Gordon,John Gallagher,,,Kheleyf (USA),Crimson Shower,Grand Tresor,op 4/1 tchd 9/2,,
,,,,,,,,,,,,,,,,,,Dance Jupiter,,,,,,,,,42.5000,,,,,Joshua Bryan,John Holt,,,King's Best (USA),Crochet (IRE),Green Desert,op 4/6 tchd 8/11,,
,,,,,,,,,,,,,,,,,,Dancing Jo,,,,,,,,,42.7500,,,,,Joshua Moore,John J Walsh,,,King's Theatre (IRE),Cross Check (IRE),Gulch,op 4/9,,
,,,,,,,,,,,,,,,,,,Dancing Zebedee,,,,,,,,,43.0000,,,,,Kai Lenihan,John James Feane,,,Kingman,Cruel Sea (USA),Gunner B,op 40/1,,
,,,,,,,,,,,,,,,,,,Dandy Dan,,,,,,,,,43.5000,,,,,Kane Yeoman,John Joseph Hanlon,,,Kingsalsa (USA),Cry Freedom (IRE),Haafhd,op 40/1 tchd 33/1,,
,,,,,,,,,,,,,,,,,,Dapper Daisy,,,,,,,,,44.2500,,,,,Keith Donoghue,John M Oxx,,,Kingsbarns (IRE),Ctesiphon (USA),Halling,op 40/1 tchd 50/1,,
,,,,,,,,,,,,,,,,,,Dargiannini,,,,,,,,,44.7500,,,,,Kevin Brogan,John O'Shea,,,Kingston Hill,Cuteasafox (IRE),Hamas,op 40/1 tchd 66/1,,
,,,,,,,,,,,,,,,,,,Darkest,,,,,,,,,45.2500,,,,,Kevin Manning,John Patrick Ryan,,,Kirkwall,Cyrienne Du Maine (FR),Hawk Wing,op 40/1 tchd 80/1,,
,,,,,,,,,,,,,,,,,,Darkest Dream,,,,,,,,,45.5000,,,,,Kevin Sexton,John Quinn,,,Kodi Bear (IRE),Dahlia's Krissy (USA),Heliostatic,op 5/1,,
,,,,,,,,,,,,,,,,,,Darling Maltaix,,,,,,,,,45.7500,,,,,Kevin Stott,John Wainwright,,,Kodiac,Daintily Done,Hernando,op 5/1 tchd 13/2,,
,,,,,,,,,,,,,,,,,,Das Kapital,,,,,,,,,47.2500,,,,,Kielan Woods,Johnny Farrelly,,,Kyllachy,Dalaway (IRE),Heron Island,op 5/1 tchd 16/5,,
,,,,,,,,,,,,,,,,,,Dawn Over Owning,,,,,,,,,47.7500,,,,,Kieran O'Neill,Jonathan Portman,,,Lawman (FR),Dame Blanche (IRE),High Chaparral,op 5/1 tchd 4/1,,
,,,,,,,,,,,,,,,,,,Daybreak Boy,,,,,,,,,49.5000,,,,,Kieran Shoemark,Jonjo O'Neill,,,Le Havre (IRE),Damson (IRE),High Estate,op 5/2,,
,,,,,,,,,,,,,,,,,,Dazzling Spirit,,,,,,,,,49.7500,,,,,Lee Edwards,Joseph Parr,,,Leading Light (IRE),Dan Loose Daughter,Highest Honor,op 5/2 tchd 10/3,,
,,,,,,,,,,,,,,,,,,Debras Boy,,,,,,,,,51.2500,,,,,Leigh Roche,Joseph Patrick O'Brien,,,Lethal Force (IRE),Danaskaya (IRE),Holy Roman Emperor,op 5/2 tchd 16/5,,
,,,,,,,,,,,,,,,,,,Debuchet,,,,,,,,,51.5000,,,,,Lewis Edmunds,Joseph Tuite,,,Librettist (USA),Dancer's Leap,Hubbly Bubbly,op 5/2 tchd 9/4,,
,,,,,,,,,,,,,,,,,,Defilade,,,,,,,,,52.2500,,,,,Lewis Stones,Julian Smith,,,Linda's Lad,Dancing Bird (IRE),Hurricane Run,op 5/4,,
,,,,,,,,,,,,,,,,,,Deftera Lad,,,,,,,,,52.7500,,,,,Liam Harrison,Julie Camacho,,,Lope De Vega (IRE),Dancing Storm,Iffraaj,op 50/1,,
,,,,,,,,,,,,,,,,,,Defuture Is Bright,,,,,,,,,53.7500,,,,,Liam Keniry,K J Condon,,,Lord Of England (GER),Dancingonthemoon (IRE),Indesatchel,op 50/1 tchd 125/1,,
,,,,,,,,,,,,,,,,,,Democratic Oath,,,,,,,,,54.5000,,,,,Lilly Pinchin,Katy Price,,,Lord Shanakill (USA),Danse Slave (FR),Indian Ridge,op 50/1 tchd 40/1 and tchd 80/1,,
,,,,,,,,,,,,,,,,,,Demon D'Aunou,,,,,,,,,55.7500,,,,,Lorcan Williams,Keith Dalgleish,,,Lucarno (USA),Daramour (FR),Insan,op 6/1,,
,,,,,,,,,,,,,,,,,,Desert Mist,,,,,,,,,56.7500,,,,,Luke McAteer,Kenny Johnson,,,Mahler,Darn Hot,Intense Focus,op 6/1 and tchd 7/1,,
,,,,,,,,,,,,,,,,,,Devious Dreamer,,,,,,,,,57.0000,,,,,Luke Morris,Kevin Frost,,,Make Believe,Darsan (IRE),Intikhab,op 6/1 tchd 11/2,,
,,,,,,,,,,,,,,,,,,Dha Leath,,,,,,,,,59.5000,,,,,Marco Ghiani,Kevin Prendergast,,,Makfi,Dayrose,Invasor,op 6/1 tchd 11/2 and tchd 17/2,,
,,,,,,,,,,,,,,,,,,Diamond Haze,,,,,,,,,59.7500,,,,,Mark Enright,Kieran P Cotter,,,Malinas (GER),Dazzling Light (UAE),Invincible Spirit,op 6/1 tchd 11/2 and tchd 7/1,,
,,,,,,,,,,,,,,,,,,Diego Du Charmil,,,,,,,,,60.0000,,,,,Mark Gallagher,Kieran Purcell,,,Mamool (IRE),Dear Dream (IRE),Ivan Denisovich,op 6/1 tchd 13/2,,
,,,,,,,,,,,,,,,,,,Disco Boots,,,,,,,,,61.5000,,,,,Mark Grant,Kim Bailey,,,Manduro (GER),Deep Gold (IRE),Jeremy,op 6/1 tchd 4/1,,
,,,,,,,,,,,,,,,,,,Doing Fine,,,,,,,,,61.7500,,,,,Mark Walsh,L J Archdeacon,,,Marcel (IRE),Definite Leader (IRE),Jimble,op 6/1 tchd 4/1 and tchd 13/2,,
,,,,,,,,,,,,,,,,,,Dollar Bid,,,,,,,,,66.5000,,,,,Martin Dwyer,L J Morgan,,,Maresca Sorrento (FR),Deise Rose (IRE),Johannesburg,op 6/1 tchd 5/1,,
,,,,,,,,,,,,,,,,,,Don't Joke,,,,,,,,,69.0000,,,,,Matt Griffiths,Lady Susan Brooke,,,Markaz (IRE),Derravaragh Sayra (IRE),Jupiter Island,op 6/1 tchd 8/1,,
,,,,,,,,,,,,,,,,,,Dors Toyboy,,,,,,,,,73.0000,,,,,Max Kendrick,Laura Horsfall,,,Martaline,Desert Treat (IRE),Kahyasi,op 6/1 tchd 9/2,,
,,,,,,,,,,,,,,,,,,Dr Sanderson,,,,,,,,,77.7500,,,,,Megan Nicholls,Lawney Hill,,,Mastercraftsman (IRE),Dessert Flower (IRE),Kalanisi,op 6/4,,
,,,,,,,,,,,,,,,,,,Drakey Boy,,,,,,,,,80.7500,,,,,Michael Hussey,Lawrence Mullaney,,,Masterstroke (USA),Dewpoint (IRE),Kaldounevees,op 6/4 tchd 11/8 and tchd 7/4,,
,,,,,,,,,,,,,,,,,,Dream Baie,,,,,,,,,82.0000,,,,,Michael Pitt,Leonard Paul Flynn,,,Maxios,Deyaar (USA),Kapgarde,op 6/4 tchd 7/4,,
,,,,,,,,,,,,,,,,,,Dream House,,,,,,,,,82.2500,,,,,Micheal Nolan,Liam G O'Brien,,,Mayson,Diamond Sky (IRE),Karinga Bay,op 66/1,,
,,,,,,,,,,,,,,,,,,Dreams Delivered,,,,,,,,,85.0000,,,,,Mike O'Connor,Linda Jewell,,,Mazameer (IRE),Dianeme,Kayf Tara,op 66/1 tchd 100/1,,
,,,,,,,,,,,,,,,,,,Driving Force,,,,,,,,,85.5000,,,,,Mikey Sheehy,Lisa Williamson,,,Medicean,Dicera (IRE),Keltos,op 66/1 tchd 125/1,,
,,,,,,,,,,,,,,,,,,Drombeg Duke,,,,,,,,,86.0000,,,,,Miss Abbie McCain,Luke McJannet,,,Mehmas (IRE),Diksie Dancer,Key Of Luck,op 66/1 tchd 40/1,,
,,,,,,,,,,,,,,,,,,Dubai Elegance,,,,,,,,,88.0000,,,,,Miss Charlotte Tudor,M A Cahill,,,Midnight Legend,Dilli Dancer,King Charlemagne,op 66/1 tchd 50/1,,
,,,,,,,,,,,,,,,,,,Duc De Grissay,,,,,,,,,90.0000,,,,,Miss Ellie Vaughan,M C Grassick,,,Milan,Disco Ball,King's Best,op 66/1 tchd 80/1,,
,,,,,,,,,,,,,,,,,,Duke Of Firenze,,,,,,,,,92.7500,,,,,Miss Jessica Llewellyn,M D O'Callaghan,,,Millenary,Divas Dream (IRE),King's Ride,op 7/1,,
,,,,,,,,,,,,,,,,,,Dunum,,,,,,,,,93.7500,,,,,Miss Joanna Mason,M F Morris,,,Mister Sacha (FR),Dollar's Worth (IRE),King's Theatre,op 7/1 and tchd 15/2,,
,,,,,,,,,,,,,,,,,,Dutch Canyon,,,,,,,,,94.7500,,,,,Miss Jodie Hughes,M Halford,,,Misu Bond (IRE),Dombeya (IRE),Kingmambo,op 7/1 tchd 10/1,,
,,,,,,,,,,,,,,,,,,Dylans Delight,,,,,,,,,96.5000,,,,,Miss Lorna Brooke,Malcolm Saunders,,,Morozov (USA),Don't Be,Kingsinger,op 7/1 tchd 13/2 and tchd 8/1,,
,,,,,,,,,,,,,,,,,,Dynamo Walt,,,,,,,,,103.7500,,,,,Miss Megan Trainor,Marco Botti,,,Morpheus,Dooleys Daughter (IRE),Kodiac,op 7/1 tchd 15/2,,
,,,,,,,,,,,,,,,,,,Eagle Ridge,,,,,,,,,107.7500,,,,,Miss Megan Wingrove,Marcus Tregoning,,,Most Improved (IRE),Dorothy B (IRE),Kris Kin,op 7/1 tchd 17/2,,
,,,,,,,,,,,,,,,,,,Eastern Voice,,,,,,,,,118.7500,,,,,Miss Michelle Bryant,Mark Hoad,,,Motivator,Doubly Guest,Kris S,op 7/1 tchd 6/1,,
,,,,,,,,,,,,,,,,,,Ebony Maw,,,,,,,,,131.7500,,,,,Mr Alex Chadwick,Mark Johnston,,,Mount Nelson,Doubt (IRE),Kyllachy,op 7/2,,
,,,,,,,,,,,,,,,,,,Ecco,,,,,,,,,152.7500,,,,,Mr D Allen,Mark Loughnane,,,Mountain High (IRE),Dream Role,Lavirco,op 7/2 and tchd 18/5,,
,,,,,,,,,,,,,,,,,,Ecliptical,,,,,,,,,178.7500,,,,,Mr D Kiely,Mark Michael McNiff,,,Muhaarar,Drombeg Dawn (IRE),Lawman,op 7/2 tchd 10/3,,
,,,,,,,,,,,,,,,,,,Ector,,,,,,,,,,,,,,Mr D T Hyde,Mark Rimell,,,Muhtathir,Drops (IRE),Leroidesanimaux,op 7/2 tchd 3/1,,
,,,,,,,,,,,,,,,,,,Eight And Bob,,,,,,,,,,,,,,Mr Finian Maguire,Mark Usher,,,Mukhadram,Drumcliffe Dancer (IRE),Liboi,op 7/2 tchd 4/1,,
,,,,,,,,,,,,,,,,,,Elan De Balme,,,,,,,,,,,,,,Mr Henry Main,Martin Keighley,,,Mustajeeb,Dubai Sunrise (USA),Linamix,op 7/4 tchd 9/4,,
,,,,,,,,,,,,,,,,,,Elanora,,,,,,,,,,,,,,Mr Jack Savage,Martin Paul Fitzgerald,,,Nathaniel (IRE),Dushlan (IRE),Lion Heart,op 8/1,,
,,,,,,,,,,,,,,,,,,Elfin Queen,,,,,,,,,,,,,,Mr Matthew Ennis,Martin Todhunter,,,New Approach (IRE),Dustys Delight (IRE),Lomond,op 8/1 and tchd 17/2,,
,,,,,,,,,,,,,,,,,,Elite Trooper Grey,,,,,,,,,,,,,,Mr Matthew Johnson,Martyn Meade,,,New Bay,Dutch Gal,Lord Of Appeal,op 8/1 tchd 11/1,,
,,,,,,,,,,,,,,,,,,Elizabethan,,,,,,,,,,,,,,Mr N McParlan,Matthew J Smith,,,No Nay Never (USA),Early Evening,Loup Sauvage,op 8/1 tchd 11/2,,
,,,,,,,,,,,,,,,,,,Ellabella,,,,,,,,,,,,,,Mr Patrick Millman,Maurice Barnes,,,No Risk At All (FR),Easter Duties (IRE),Loup Solitaire,op 8/1 tchd 12/1,,
,,,,,,,,,,,,,,,,,,Elysees,,,,,,,,,,,,,,Mr Philip Thomas,Michael Appleby,,,Noble Mission,Easter Saturday (IRE),Lujain,op 8/1 tchd 13/2,,
,,,,,,,,,,,,,,,,,,Emily Webb,,,,,,,,,,,,,,Mr Ross Birkett,Michael Blake,,,Noroit (GER),Ecoutila (USA),Luso,op 8/1 tchd 13/2 and tchd 17/2,,
,,,,,,,,,,,,,,,,,,Emitom,,,,,,,,,,,,,,Mr Simon Walker,Michael Dods,,,Oasis Dream,El Morocco (USA),Lute Antique,op 8/1 tchd 15/2,,
,,,,,,,,,,,,,,,,,,Enfin Phil,,,,,,,,,,,,,,Mr T Feeney,Michael Easterby,,,Ocovango,Emblaze,Machiavellian,op 8/1 tchd 15/2 and tchd 10/1,,
,,,,,,,,,,,,,,,,,,Ennistymon,,,,,,,,,,,,,,Mr T Power Roche,Michael G Kennedy,,,Olympic Glory (IRE),Eminence Gift,Major Cadeaux,op 8/1 tchd 5/1,,
,,,,,,,,,,,,,,,,,,Enrichissant,,,,,,,,,,,,,,Mr Tommie M O'Brien,Michael Hawker,,,On Est Bien (IRE),Enchanted Empress (IRE),Makfi,op 8/1 tchd 6/1 and tchd 10/1,,
,,,,,,,,,,,,,,,,,,Enzo,,,,,,,,,,,,,,N G McCullagh,Michael Herrington,,,Oscar (IRE),Endino (IRE),Manduro,op 8/1 tchd 6/1 and tchd 17/2,,
,,,,,,,,,,,,,,,,,,Epic Endeavour,,,,,,,,,,,,,,Nathan Brennan,Michael Hourigan,,,Outstrip,Enjoy The Life,Mansonnien,op 8/13 tchd 4/9,,
,,,,,,,,,,,,,,,,,,Equality,,,,,,,,,,,,,,Nathan Crosse,Michael J Bowe,,,Paco Boy (IRE),Epistoliere (IRE),Marchand De Sable,op 8/15 tchd 4/9,,
,,,,,,,,,,,,,,,,,,Eragon De Chanay,,,,,,,,,,,,,,Nick Barratt-Atkin,Michael Mullineaux,,,Papal Bull,Eritrea,Marju,op 80/1,,
,,,,,,,,,,,,,,,,,,Espresso Freddo,,,,,,,,,,,,,,Nick Scholfield,Michael Mulvany,,,Parish Hall (IRE),Eva's Edge (IRE),Mark Of Esteem,op 80/1 tchd 100/1,,
,,,,,,,,,,,,,,,,,,Estelle Ma Belle,,,,,,,,,,,,,,Nico de Boinville,Michael Roberts,,,Passing Glance,Eva's Time (IRE),Martaline,op 80/1 tchd 125/1,,
,,,,,,,,,,,,,,,,,,Etneya,,,,,,,,,,,,,,Nicola Currie,Michael Scudamore,,,Pasternak,Evane (FR),Mastercraftsman,op 80/1 tchd 150/1,,
,,,,,,,,,,,,,,,,,,Evander,,,,,,,,,,,,,,Nikita Kane,Mick Channon,,,Pastoral Pursuits,Evanesce,Medecis,op 80/1 tchd 66/1,,
,,,,,,,,,,,,,,,,,,Even Flow,,,,,,,,,,,,,,Oisin Murphy,Micky Hammond,,,Pastorius (GER),Even Flo,Medicean,op 85/40,,
,,,,,,,,,,,,,,,,,,Evening Primrose,,,,,,,,,,,,,,Oisin Orr,Mike Murphy,,,Pearl Secret,Evening Time (IRE),Milan,op 9/1,,
,,,,,,,,,,,,,,,,,,Exchequer,,,,,,,,,,,,,,Oliver Timms,Milton Bradley,,,Peintre Celebre (USA),Excuse Me (USA),Millenary,op 9/1 tchd 12/1,,
,,,,,,,,,,,,,,,,,,Exotic Escape,,,,,,,,,,,,,,P B Beggy,Milton Harris,,,Phoenix Reach (IRE),Exit To Bullaun (IRE),Mind Games,op 9/1 tchd 14/1,,
,,,,,,,,,,,,,,,,,,Extensio,,,,,,,,,,,,,,P J McDonald,Miss Elizabeth Doyle,,,Piccolo,Expedience (USA),Mister Lord,op 9/1 tchd 15/2,,
,,,,,,,,,,,,,,,,,,Fair Game,,,,,,,,,,,,,,Paddy Brennan,Miss Ellmarie Holden,,,Pivotal,Eytarna (IRE),Miswaki,op 9/1 tchd 17/2,,
,,,,,,,,,,,,,,,,,,Fair Man,,,,,,,,,,,,,,Paddy Harnett,Miss Hilary McLoughlin,,,Planteur (IRE),Fair Dubawi (IRE),Mizzen Mast,op 9/1 tchd 17/2 and tchd 10/1,,
,,,,,,,,,,,,,,,,,,Faire Croire,,,,,,,,,,,,,,Paddy Kennedy,Miss J M Lee,,,Poet's Voice,Faleena (IRE),Monsun,op 9/1 tchd 20/1,,
,,,,,,,,,,,,,,,,,,Fairway Freddy,,,,,,,,,,,,,,Page Fuller,Mohamed Moubarak,,,Pour Moi (IRE),Famous (IRE),Montelimar,op 9/1 tchd 7/1,,
,,,,,,,,,,,,,,,,,,Family Business,,,,,,,,,,,,,,Pat Cosgrave,Mrs D A Love,,,Power,Fanditha (IRE),Montjeu,op 9/1 tchd 7/1 and tchd 10/1,,
,,,,,,,,,,,,,,,,,,Fannie By Gaslight,,,,,,,,,,,,,,Paul Hanagan,Mrs Denise Foster,,,Presenting,Fantacise,Moscow Society,op 9/1 tchd 8/1,,
,,,,,,,,,,,,,,,,,,Farsideofthemoon,,,,,,,,,,,,,,Paul Mulrennan,Mrs John Harrington,,,Pride Of Dubai (AUS),Fashionable Gal (IRE),Most Welcome,op 9/1 tchd 8/1 and tchd 11/1,,
,,,,,,,,,,,,,,,,,,Fashion Free,,,,,,,,,,,,,,Paul O'Brien,Mrs Lorna Fowler,,,Primary (USA),Faussement Simple (IRE),Mr Greeley,op 9/2,,
,,,,,,,,,,,,,,,,,,Faustus,,,,,,,,,,,,,,Paul Townend,Ms Alice Curran,,,Prince Of Lir (IRE),Favorite (GER),Mtoto,op 9/2 tchd 10/3,,
,,,,,,,,,,,,,,,,,,Fest Deiz,,,,,,,,,,,,,,Phil Dennis,Ms M Dowdall Blake,,,Proclamation (IRE),Featherlight,Muhtarram,op 9/2 tchd 11/1,,
,,,,,,,,,,,,,,,,,,Fiddlerontheroof,,,,,,,,,,,,,,Philip Armson,Ms Margaret Mullins,,,Racinger (FR),Fey,Muhtathir,op 9/2 tchd 11/2,,
,,,,,,,,,,,,,,,,,,Fidelio Vallis,,,,,,,,,,,,,,Philip Prince,Ms Sheila Lavery,,,Rainwatch,Field Of Hope (IRE),Mujahid,op 9/2 tchd 3/1,,
,,,,,,,,,,,,,,,,,,Finding Joy,,,,,,,,,,,,,,Phillip Enright,Murty McGrath,,,Rajj (IRE),Fields Of May (IRE),Namaqualand,op 9/2 tchd 5/1,,
,,,,,,,,,,,,,,,,,,Fine By Her,,,,,,,,,,,,,,Pierre-Louis Jamin,N W Alexander,,,Raven's Pass (USA),Filatelia (IRE),Namid,op 9/2 tchd 7/2,,
,,,,,,,,,,,,,,,,,,Fine Distraction,,,,,,,,,,,,,,Rachael Blackmore,Neil King,,,Red Jazz (USA),Fillthegobletagain (IRE),Nashwan,op 9/4,,
,,,,,,,,,,,,,,,,,,Fintown Boy,,,,,,,,,,,,,,Rachel Richardson,Neil Mulholland,,,Refuse To Bend (IRE),Fire Lily (IRE),Nayef,op 9/4 tchd 11/4,,
,,,,,,,,,,,,,,,,,,Firenze Rosa,,,,,,,,,,,,,,Ray Dawson,Neill McCluskey,,,Robin Des Champs (FR),Firebelly,Neshad,op 9/4 tchd 2/1,,
,,,,,,,,,,,,,,,,,,Firestick,,,,,,,,,,,,,,Rex Dingle,Nick Gifford,,,Rock Of Gibraltar (IRE),Fixed Gaze (USA),New Approach,op 9/4 tchd 3/1,,
,,,,,,,,,,,,,,,,,,Flexible Approach,,,,,,,,,,,,,,Rhys Clutterbuck,Nick Kent,,,Roderic O'Connor (IRE),Fluttering Rose,Nicolotte,tchd 10/1,,
,,,,,,,,,,,,,,,,,,Flight Command,,,,,,,,,,,,,,Richard Condon,Nick Littmoden,,,Royal Applause,Follow The Faith,Night Shift,tchd 10/11,,
,,,,,,,,,,,,,,,,,,Flip Mode,,,,,,,,,,,,,,Richard Johnson,Nicky Henderson,,,Rule Of Law (USA),Folly Bridge,Nomadic Way,tchd 10/3,,
,,,,,,,,,,,,,,,,,,Flora's Aura,,,,,,,,,,,,,,Richard Kingscote,Nicky Richards,,,Saint Des Saints (FR),Forever Present (IRE),Nononito,tchd 100/1,,
,,,,,,,,,,,,,,,,,,Floy Joy,,,,,,,,,,,,,,Richard Patrick,Nigel Hawke,,,Sans Frontieres (IRE),Forsters Plantin,Northern Baby,tchd 11/1,,
,,,,,,,,,,,,,,,,,,Flutiste,,,,,,,,,,,,,,Richie McLernon,Nigel Thomas Slevin,,,Saonois (FR),Fresh Mint (IRE),Northern Park,tchd 11/2,,
,,,,,,,,,,,,,,,,,,For Pleasure,,,,,,,,,,,,,,Rob Hornby,Nigel Twiston-Davies,,,Schiaparelli (GER),Funny Times,Noverre,tchd 11/4,,
,,,,,,,,,,,,,,,,,,Forbidden Secret,,,,,,,,,,,,,,Robbie Colgan,Noel Meade,,,Scorpion (IRE),Furasta (USA),Numerous,tchd 11/8,,
,,,,,,,,,,,,,,,,,,Foxy Jacks,,,,,,,,,,,,,,Robbie Downey,Noel Williams,,,Sea The Stars (IRE),Gaditana,Oasis Dream,tchd 12/1 and 16/1,,
,,,,,,,,,,,,,,,,,,Fresno Emery,,,,,,,,,,,,,,Robbie Power,Oliver Greenall,,,Secret Singer (FR),Gail Borden (IRE),Observatory,tchd 13/2,,
,,,,,,,,,,,,,,,,,,Friary Rock,,,,,,,,,,,,,,Robert Dunne,Oliver Sherwood,,,Sepoy (AUS),Galeaza,Old Vic,tchd 13/8,,
,,,,,,,,,,,,,,,,,,Frow,,,,,,,,,,,,,,Ronan Whelan,Ollie Pears,,,Shamardal (USA),Galianna (IRE),One Cool Cat,tchd 13/8 and tchd 15/8,,
,,,,,,,,,,,,,,,,,,Fulbeck Girl,,,,,,,,,,,,,,Rory Cleary,Olly Murphy,,,Shantou (USA),Gambatte,Oratorio,tchd 14/1,,
,,,,,,,,,,,,,,,,,,Fun Mac,,,,,,,,,,,,,,Ross Chapman,P A Fahy,,,Shirocco (GER),Garraun (IRE),Orientate,tchd 14/1 and 18/1,,
,,,,,,,,,,,,,,,,,,Furia D'Oudairies,,,,,,,,,,,,,,Ross Coakley,P F O'Donnell,,,Sholokhov (IRE),Gateway (USA),Orpen,tchd 15/2,,
,,,,,,,,,,,,,,,,,,Gaelic Force,,,,,,,,,,,,,,Rossa Ryan,P J F Murphy,,,Showcasing,Gaye Steel (IRE),Oscar,tchd 16/1,,
,,,,,,,,,,,,,,,,,,Gandy Man,,,,,,,,,,,,,,Rowan Scott,P J Rothwell,,,Silver Frost (IRE),Generously Gifted,Overbury,tchd 17/2,,
,,,,,,,,,,,,,,,,,,Gangster,,,,,,,,,,,,,,Ryan Day,P Twomey,,,Sir Percy,Gerika (FR),Pasternak,tchd 17/2 and 10/1,,
,,,,,,,,,,,,,,,,,,Gateway To Europe,,,,,,,,,,,,,,Ryan Mania,Paddy Butler,,,Sir Prancealot (IRE),Get The Ring (FR),Peintre Celebre,tchd 18/1,,
,,,,,,,,,,,,,,,,,,General Clermont,,,,,,,,,,,,,,Ryan Tate,Padraig Roche,,,Sixties Icon,Ghost Of A Girl (IRE),Perfect Soul,tchd 20/1,,
,,,,,,,,,,,,,,,,,,George Of Hearts,,,,,,,,,,,,,,Ryan Treacy,Patrick Eugene Turley,,,Siyouni (FR),Gilt Benefit (IRE),Phantom Breeze,tchd 200/1,,
,,,,,,,,,,,,,,,,,,Get An Oscar,,,,,,,,,,,,,,Saffie Osborne,Patrick J Flynn,,,Slade Power (IRE),Gilwen Glory (IRE),Phardante,tchd 22/1,,
,,,,,,,,,,,,,,,,,,Get Boosting,,,,,,,,,,,,,,Sam Coltherd,Patrick Martin,,,Smadoun (FR),Girl Of The Hour,Piccolo,tchd 25/1,,
,,,,,,,,,,,,,,,,,,Get Rich Die Plyin,,,,,,,,,,,,,,Sam Ewing,Patrick Tallis,,,So You Think (NZ),Gisela (IRE),Pips Pride,tchd 28/1,,
,,,,,,,,,,,,,,,,,,Getastar,,,,,,,,,,,,,,Sam Twiston-Davies,Paul Henderson,,,Society Rock (IRE),Gold Blended (IRE),Pistolet Bleu,tchd 3/1,,
,,,,,,,,,,,,,,,,,,Getaway Plan,,,,,,,,,,,,,,Seamie Heffernan,Paul Midgley,,,Soldier Hollow,Gold Focus (IRE),Pivotal,tchd 33/1,,
,,,,,,,,,,,,,,,,,,Getaweapon,,,,,,,,,,,,,,Sean Bowen,Paul Nicholls,,,Spanish Moon (USA),Good Lady (IRE),Polish Precedent,tchd 33/1 and tchd 50/1,,
,,,,,,,,,,,,,,,,,,Gilwen Reacher,,,,,,,,,,,,,,Sean Flanagan,Paul Nolan,,,Speedmaster (GER),Good Morning Lady,Presenting,tchd 4/1,,
,,,,,,,,,,,,,,,,,,Gimme A Wink,,,,,,,,,,,,,,Sean Houlihan,Paul O'Flynn,,,Spring At Last (USA),Goodie Twosues,Primitive Rising,tchd 4/1 and tchd 5/1,,
,,,,,,,,,,,,,,,,,,Gin Coco,,,,,,,,,,,,,,Sean Levey,Paul W Flynn,,,Starspangledbanner (AUS),Grand Minstrel (IRE),Primo Dominie,tchd 4/11 and tchd 1/2,,
,,,,,,,,,,,,,,,,,,Ginger Max,,,,,,,,,,,,,,Sean Quinlan,Pauline Robson,,,Stowaway,Great Decision (IRE),Prince Sabo,tchd 40/1,,
,,,,,,,,,,,,,,,,,,Glenamoy Lad,,,,,,,,,,,,,,Shane Crosse,Peter Bowen,,,Street Sense (USA),Greatest Dancer (IRE),Priolo,tchd 5/1,,
,,,,,,,,,,,,,,,,,,Glint In Her Eye,,,,,,,,,,,,,,Shane Foley,Peter Fahey,,,Subtle Power (IRE),Greenisland (IRE),Proud Citizen,tchd 5/1 and 6/1,,
,,,,,,,,,,,,,,,,,,Global Esteem,,,,,,,,,,,,,,Shane Gray,Peter Niven,,,Sulamani (IRE),Guydus (IRE),Pursuit Of Love,tchd 5/1 and tchd 6/1,,
,,,,,,,,,,,,,,,,,,Global Style,,,,,,,,,,,,,,Silvestre De Sousa,Philip Hobbs,,,Swiss Spirit,Habaayib,Ragmar,tchd 5/2,,
,,,,,,,,,,,,,,,,,,Global Wonder,,,,,,,,,,,,,,Simon Torrens,Philip Kirby,,,Tagula (IRE),Hannah Jacques (IRE),Rahy,tchd 5/2 and tchd 3/1,,
,,,,,,,,,,,,,,,,,,Globe Theatre,,,,,,,,,,,,,,Stan Sheppard,Philip M Byrne,,,Tamayuz,Hanzada (USA),Rail Link,tchd 5/4,,
,,,,,,,,,,,,,,,,,,Glorious Dane,,,,,,,,,,,,,,Stefano Cherchi,Philip McBride,,,Teofilo (IRE),Happy Talk (IRE),Rainbow Quest,tchd 5/4 and tchd 6/4,,
,,,,,,,,,,,,,,,,,,Gloweth,,,,,,,,,,,,,,Stephen Mulqueen,Phillip Makin,,,Territories (IRE),Hartwell Lake (IRE),Rakaposhi King,tchd 50/1,,
,,,,,,,,,,,,,,,,,,Gold Allure,,,,,,,,,,,,,,Stevie Donohoe,R P O'Keeffe,,,The Gurkha (IRE),Haven's Wave (IRE),Rakti,tchd 6/1,,
,,,,,,,,,,,,,,,,,,Gold Desert,,,,,,,,,,,,,,Tabitha Worsley,R P Rath,,,Thewayyouare (USA),Hazel Mist (IRE),Rambo Dancer,tchd 6/1 and tchd 7/1,,
,,,,,,,,,,,,,,,,,,Gold Souk,,,,,,,,,,,,,,Theo Gillard,Rae Guest,,,Tiger Groom,Healing Music (FR),Rashar,tchd 6/4,,
,,,,,,,,,,,,,,,,,,Golden Emblem,,,,,,,,,,,,,,Thomas Dowson,Ralph Beckett,,,Tobougg (IRE),Herrera (IRE),Raven's Pass,tchd 6/5,,
,,,,,,,,,,,,,,,,,,Golden Lyric,,,,,,,,,,,,,,Thomas Willmott,Rebecca Menzies,,,Toronado (IRE),Hidden Reserve (IRE),Red Clubs,tchd 66/1,,
,,,,,,,,,,,,,,,,,,Golden Treat,,,,,,,,,,,,,,Tom Bellamy,Richard Fahey,,,Tough As Nails (IRE),High Benefit (IRE),Red Ransom,tchd 66/1 and tchd 100/1,,
,,,,,,,,,,,,,,,,,,Good Impression,,,,,,,,,,,,,,Tom Buckley,Richard Guest,,,Trans Island,Hollybell,Redback,tchd 7/1,,
,,,,,,,,,,,,,,,,,,Good Listener,,,,,,,,,,,,,,Tom Cannon,Richard Hannon,,,Turgeon (USA),Honorlina (FR),Refuse To Bend,tchd 7/1 and 8/1,,
,,,,,,,,,,,,,,,,,,Gorham's Cave,,,,,,,,,,,,,,Tom Eaves,Richard Hawker,,,Twilight Son,How High The Sky (IRE),Reset,tchd 7/1 and tchd 8/1,,
,,,,,,,,,,,,,,,,,,Got Trumped,,,,,,,,,,,,,,Tom Madden,Richard Hughes,,,Urban Poet (USA),Howaya Pet (IRE),Rip Van Winkle,tchd 7/2,,
,,,,,,,,,,,,,,,,,,Gotthenod,,,,,,,,,,,,,,Tom Marquand,Richard Whitaker,,,Vadamos (FR),Hurricane Irene (IRE),River Falls,tchd 7/2 and tchd 5/1,,
,,,,,,,,,,,,,,,,,,Graineyhill,,,,,,,,,,,,,,Tom O'Brien,Robert Cowell,,,Vale Of York (IRE),Hurricane Lily (IRE),Roakarad,tchd 7/4,,
,,,,,,,,,,,,,,,,,,Granitic,,,,,,,,,,,,,,Tom Scudamore,Robert Stephens,,,Vision D'Etat (FR),Hypatia (IRE),Rock Of Gibraltar,tchd 8/1,,
,,,,,,,,,,,,,,,,,,Grey Fox,,,,,,,,,,,,,,Tommy Brett,Robert Walford,,,Vocalised (USA),I Am Beautiful (IRE),Roi Danzig,tchd 8/11,,
,,,,,,,,,,,,,,,,,,Guillemot,,,,,,,,,,,,,,Tony Hamilton,Robyn Brisland,,,Voix Du Nord (FR),I Hearyou Knocking (IRE),Roselier,tchd 80/1,,
,,,,,,,,,,,,,,,,,,Gustav,,,,,,,,,,,,,,Trevor Ryan,Rod Millman,,,War Command (USA),Iamnoangel (IRE),Royal Academy,tchd 9/1,,
,,,,,,,,,,,,,,,,,,Hab Sab,,,,,,,,,,,,,,Trevor Whelan,Roger Fell,,,War Front (USA),Ighraa (IRE),Royal Applause,tchd 9/1 and tchd 11/1,,
,,,,,,,,,,,,,,,,,,Halla Rince,,,,,,,,,,,,,,Tyler Heard,Roger Teal,,,Watar (IRE),Inagh River,Royal Charter,tchd 9/2,,
,,,,,,,,,,,,,,,,,,Halsafari,,,,,,,,,,,,,,Tyler Saunders,Ronald Harris,,,Westerner,Inca Hill (IRE),Royal Fountain,tchd 9/4,,
,,,,,,,,,,,,,,,,,,Hanbags N Gladrags,,,,,,,,,,,,,,Vanessa Maye,Ronan M P McNally,,,Windsor Knot (IRE),Indian Maiden (IRE),Rudimentary,,,
,,,,,,,,,,,,,,,,,,Hang Tough,,,,,,,,,,,,,,William Buick,Ross O'Sullivan,,,Wootton Bassett,Indigo River (IRE),Saddlers' Hall,,,
,,,,,,,,,,,,,,,,,,Happy Hollow,,,,,,,,,,,,,,William Carson,Ruth Carr,,,Xtension (IRE),Indy Gal (IRE),Sadler's Wells,,,
,,,,,,,,,,,,,,,,,,Havana River,,,,,,,,,,,,,,William Carver,Ryan Potter,,,Yeats (IRE),Inffiraaj (IRE),Sahm,,,
,,,,,,,,,,,,,,,,,,Haveuseentherain,,,,,,,,,,,,,,William Cox,S G Walsh,,,Zebedee,Inquisitive Look,Saint Cyrien,,,
,,,,,,,,,,,,,,,,,,Heer We Go Again,,,,,,,,,,,,,,William Kennedy,S M Duffy,,,Zerpour (IRE),Irish Question (IRE),Sakhee,,,
,,,,,,,,,,,,,,,,,,Helvic Princess,,,,,,,,,,,,,,William Pyle,Sabrina J Harty,,,Zoffany (IRE),Isarella (GER),Sakhee's Secret,,,
,,,,,,,,,,,,,,,,,,Henley Park,,,,,,,,,,,,,,Willie Byrne,Sam England,,,,Israfel,Salse,,,
,,,,,,,,,,,,,,,,,,Hey Ho Let's Go,,,,,,,,,,,,,,Zak Wheatley,Sam Thomas,,,,It Doesn't Matter,Satco,,,
,,,,,,,,,,,,,,,,,,Hidden Cargo,,,,,,,,,,,,,,,Samuel Drinkwater,,,,It's My Pleasure (IRE),Sayarshan,,,
,,,,,,,,,,,,,,,,,,High Lake,,,,,,,,,,,,,,,Sandy Thomson,,,,Ja One (IRE),Scorpion,,,
,,,,,,,,,,,,,,,,,,Highest Benefit,,,,,,,,,,,,,,,Sarah Humphrey,,,,Jacqueline (IND),Sea The Stars,,,
,,,,,,,,,,,,,,,,,,Highland Sky,,,,,,,,,,,,,,,Sarah-Jayne Davies,,,,Janiceinwonderland (FR),Second Set,,,
,,,,,,,,,,,,,,,,,,Highly Prized,,,,,,,,,,,,,,,Seamus Mullins,,,,Jeanine (GER),Seeking The Gold,,,
,,,,,,,,,,,,,,,,,,Hit The Bottle,,,,,,,,,,,,,,,Sean Aherne,,,,Jebarde Rederie (FR),Selkirk,,,
,,,,,,,,,,,,,,,,,,Holy Roman Empress,,,,,,,,,,,,,,,Sean Conway,,,,Jersey Cream (IRE),Shamardal,,,
,,,,,,,,,,,,,,,,,,Hongkong Harmony,,,,,,,,,,,,,,,Shaun Keightley,,,,Jibboom (USA),Sharken,,,
,,,,,,,,,,,,,,,,,,Honorary Colonel,,,,,,,,,,,,,,,Shaun Lycett,,,,Jimagine II (FR),Sheyrann,,,
,,,,,,,,,,,,,,,,,,Honourmission,,,,,,,,,,,,,,,Sheena West,,,,Joyeaux,Showcasing,,,
,,,,,,,,,,,,,,,,,,Hot Summer,,,,,,,,,,,,,,,Simon & Ed Crisford,,,,Jules (IRE),Silvano,,,
,,,,,,,,,,,,,,,,,,Hot Voice,,,,,,,,,,,,,,,Simon Dow,,,,Jump For Joy (IRE),Silver Hawk,,,
,,,,,,,,,,,,,,,,,,Htilominlo,,,,,,,,,,,,,,,Sir Michael Stoute,,,,Just In Love (FR),Silver Patriarch,,,
,,,,,,,,,,,,,,,,,,Huddle Up,,,,,,,,,,,,,,,Steph Hollinshead,,,,Just Kate,Simply Great,,,
,,,,,,,,,,,,,,,,,,Hugos Other Horse,,,,,,,,,,,,,,,Stuart Coltherd,,,,Just The Judge (IRE),Singspiel,,,
,,,,,,,,,,,,,,,,,,Hume Lough,,,,,,,,,,,,,,,Stuart Kittow,,,,Kalabaya (IRE),Sinndar,,,
,,,,,,,,,,,,,,,,,,I'm On Snap,,,,,,,,,,,,,,,Sue Smith,,,,Kallisti (IRE),Sir Harry Lewis,,,
,,,,,,,,,,,,,,,,,,Iconic Queen,,,,,,,,,,,,,,,Susan Corbett,,,,Kaminari (IRE),Sky Classic,,,
,,,,,,,,,,,,,,,,,,Ideal Pal,,,,,,,,,,,,,,,Suzi Best,,,,Katalina,Slickly,,,
,,,,,,,,,,,,,,,,,,Idilico,,,,,,,,,,,,,,,Suzy Smith,,,,Katevan (IRE),Smart Strike,,,
,,,,,,,,,,,,,,,,,,If The Cap Fits,,,,,,,,,,,,,,,Sylvester Kirk,,,,Katherine Lee (IRE),Solar One,,,
,,,,,,,,,,,,,,,,,,Imhotep,,,,,,,,,,,,,,,T Donohue,,,,Kelsey Rose,Solon,,,
,,,,,,,,,,,,,,,,,,Impossible,,,,,,,,,,,,,,,T E Hyde,,,,Kentford Grebe,Southern Halo,,,
,,,,,,,,,,,,,,,,,,In Paradise,,,,,,,,,,,,,,,T M Walsh,,,,Kinetica,Soviet Star,,,
,,,,,,,,,,,,,,,,,,Indiana Grey,,,,,,,,,,,,,,,Terence O'Brien,,,,King's Siren (IRE),Spanish Place,,,
,,,,,,,,,,,,,,,,,,Inexes,,,,,,,,,,,,,,,Thomas Cleary,,,,Kings Diva (IRE),Spectrum,,,
,,,,,,,,,,,,,,,,,,Informateur,,,,,,,,,,,,,,,Thomas Coyle,,,,Kiruna,Speightstown,,,
,,,,,,,,,,,,,,,,,,Ingleby Hollow,,,,,,,,,,,,,,,Thomas Mullins,,,,Kithonia (FR),Starcraft,,,
,,,,,,,,,,,,,,,,,,International Law,,,,,,,,,,,,,,,Tim Easterby,,,,Kittewhistle (FR),Storm Cat,,,
,,,,,,,,,,,,,,,,,,Intimate Moment,,,,,,,,,,,,,,,Tim Fitzgerald,,,,Knock Down (IRE),Stormy Atlantic,,,
,,,,,,,,,,,,,,,,,,Investment Manager,,,,,,,,,,,,,,,Tim Vaughan,,,,Kummel Excess (IRE),Street Cry,,,
,,,,,,,,,,,,,,,,,,Invincible Sea,,,,,,,,,,,,,,,Timothy Doyle,,,,Lady Alibi (IRE),Subotica,,,
,,,,,,,,,,,,,,,,,,Its All Grace,,,,,,,,,,,,,,,Toby Lawes,,,,Lady Bee (IRE),Supreme Leader,,,
,,,,,,,,,,,,,,,,,,Itsallaboutluck,,,,,,,,,,,,,,,Tom George,,,,Lady Frances,Tagula,,,
,,,,,,,,,,,,,,,,,,Itsonlyrocknroll,,,,,,,,,,,,,,,Tom Symonds,,,,Lady Koko,Tamayuz,,,
,,,,,,,,,,,,,,,,,,Jaboticaba,,,,,,,,,,,,,,,Tom Tate,,,,Lady Lenson (IRE),Tapit,,,
,,,,,,,,,,,,,,,,,,Jack Yeats,,,,,,,,,,,,,,,Tony Carroll,,,,Lady Macduff (IRE),Teenoso,,,
,,,,,,,,,,,,,,,,,,Jackson Hill,,,,,,,,,,,,,,,Tony Coyle,,,,Lady Perspex (IRE),Teofilo,,,
,,,,,,,,,,,,,,,,,,Jacksons Gold,,,,,,,,,,,,,,,W J Austin,,,,Lady Pitrizza (IRE),Thatching,,,
,,,,,,,,,,,,,,,,,,James Watt,,,,,,,,,,,,,,,W J Burke,,,,Lady's Locket (IRE),Theatrical,,,
,,,,,,,,,,,,,,,,,,Jan Maat,,,,,,,,,,,,,,,W McCreery,,,,Lafayette (GER),Thousand Words,,,
,,,,,,,,,,,,,,,,,,Jean Genie,,,,,,,,,,,,,,,W P Mullins,,,,Lahinch (IRE),Tiger Hill,,,
,,,,,,,,,,,,,,,,,,Jill Rose,,,,,,,,,,,,,,,Warren Greatrex,,,,Lahqa (IRE),Titus Livius,,,
,,,,,,,,,,,,,,,,,,John Kirkup,,,,,,,,,,,,,,,William Haggas,,,,Land Of Pride (IRE),Tobougg,,,
,,,,,,,,,,,,,,,,,,Joint Account,,,,,,,,,,,,,,,William Knight,,,,Late Back (IRE),Top Ville,,,
,,,,,,,,,,,,,,,,,,Jumira Bridge,,,,,,,,,,,,,,,William Muir,,,,Lavender And Lace,Toulon,,,
,,,,,,,,,,,,,,,,,,Jumping Cats,,,,,,,,,,,,,,,Zoe Davison,,,,Leafy Suburb (IRE),Trans Island,,,
,,,,,,,,,,,,,,,,,,Jumping Jack,,,,,,,,,,,,,,,,,,,Leroy's Sister (FR),Trempolino,,,
,,,,,,,,,,,,,,,,,,Just Georgie,,,,,,,,,,,,,,,,,,,Liber Nauticus (IRE),Turgeon,,,
,,,,,,,,,,,,,,,,,,Kajaki,,,,,,,,,,,,,,,,,,,Licence To Thrill,Turtle Bowl,,,
,,,,,,,,,,,,,,,,,,Kalaya,,,,,,,,,,,,,,,,,,,Like A Miller (IRE),Un Desperado,,,
,,,,,,,,,,,,,,,,,,Kapitall,,,,,,,,,,,,,,,,,,,Likeable,Until Sundown,,,
,,,,,,,,,,,,,,,,,,Kapsize,,,,,,,,,,,,,,,,,,,Limber Up (IRE),Urban Ocean,,,
,,,,,,,,,,,,,,,,,,Kauri Cliffs,,,,,,,,,,,,,,,,,,,Lindas Present (IRE),Verglas,,,
,,,,,,,,,,,,,,,,,,Kendelu,,,,,,,,,,,,,,,,,,,Little Serena,Video Rock,,,
,,,,,,,,,,,,,,,,,,Kentford Mallard,,,,,,,,,,,,,,,,,,,Lively Lass (IRE),Viking Ruler,,,
,,,,,,,,,,,,,,,,,,Kentucky Hardboot,,,,,,,,,,,,,,,,,,,Llancillo Lady (IRE),Vinnie Roe,,,
,,,,,,,,,,,,,,,,,,Kiera Royale,,,,,,,,,,,,,,,,,,,Local Hall (IRE),Visionary,,,
,,,,,,,,,,,,,,,,,,King Golan,,,,,,,,,,,,,,,,,,,Lofaire (IRE),Vocalised,,,
,,,,,,,,,,,,,,,,,,King Of The Castle,,,,,,,,,,,,,,,,,,,Loin De Moi (FR),Wareed,,,
,,,,,,,,,,,,,,,,,,King Wasp,,,,,,,,,,,,,,,,,,,Longing To Dance,Westerner,,,
,,,,,,,,,,,,,,,,,,Kinglami,,,,,,,,,,,,,,,,,,,Looks Great,Where Or When,,,
,,,,,,,,,,,,,,,,,,Kingrullah,,,,,,,,,,,,,,,,,,,Lookslikeanangel,Whipper,,,
,,,,,,,,,,,,,,,,,,Kingsholm,,,,,,,,,,,,,,,,,,,Love And Devotion,Winged Love,,,
,,,,,,,,,,,,,,,,,,Kingson,,,,,,,,,,,,,,,,,,,Love Or Fear,With Approval,,,
,,,,,,,,,,,,,,,,,,Kiwi Royale,,,,,,,,,,,,,,,,,,,Lovely Hand (IRE),Wolfhound,,,
,,,,,,,,,,,,,,,,,,Knock On Steel,,,,,,,,,,,,,,,,,,,Low Cut Affair (IRE),Woodborough,,,
,,,,,,,,,,,,,,,,,,Knockmoylan,,,,,,,,,,,,,,,,,,,Loy's Lass (IRE),Woodman,,,
,,,,,,,,,,,,,,,,,,Kodiellen,,,,,,,,,,,,,,,,,,,Luanshya,Xaar,,,
,,,,,,,,,,,,,,,,,,Kompromat,,,,,,,,,,,,,,,,,,,Luck Of The Deise (IRE),Zamindar,,,
,,,,,,,,,,,,,,,,,,Krypton Gold,,,,,,,,,,,,,,,,,,,Lucky (IRE),Zebedee,,,
,,,,,,,,,,,,,,,,,,Kudbegood,,,,,,,,,,,,,,,,,,,Lucky Beguine (IRE),Zero Problemo,,,
,,,,,,,,,,,,,,,,,,Kyllachy Dragon,,,,,,,,,,,,,,,,,,,Lucrece,Zilzal,,,
,,,,,,,,,,,,,,,,,,Kyllachys Tale,,,,,,,,,,,,,,,,,,,Lumiere Astrale (FR),,,,
,,,,,,,,,,,,,,,,,,La Joya,,,,,,,,,,,,,,,,,,,Lura (USA),,,,
,,,,,,,,,,,,,,,,,,Lady Dahlia,,,,,,,,,,,,,,,,,,,Luzerne Du Poitou (FR),,,,
,,,,,,,,,,,,,,,,,,Lady Ironside,,,,,,,,,,,,,,,,,,,Mackenzie's Friend,,,,
,,,,,,,,,,,,,,,,,,Lady Isabel,,,,,,,,,,,,,,,,,,,Madam Mojito (USA),,,,
,,,,,,,,,,,,,,,,,,Lady Magda,,,,,,,,,,,,,,,,,,,Madam President,,,,
,,,,,,,,,,,,,,,,,,Lady Of The Night,,,,,,,,,,,,,,,,,,,Madame McGoldrick (IRE),,,,
,,,,,,,,,,,,,,,,,,Lakemilan,,,,,,,,,,,,,,,,,,,Madame Rouge,,,,
,,,,,,,,,,,,,,,,,,Landsman,,,,,,,,,,,,,,,,,,,Magadar (USA),,,,
,,,,,,,,,,,,,,,,,,Le Reveur,,,,,,,,,,,,,,,,,,,Magical Theatre (IRE),,,,
,,,,,,,,,,,,,,,,,,Lead Light To Dawn,,,,,,,,,,,,,,,,,,,Magie Noire (IRE),,,,
,,,,,,,,,,,,,,,,,,Leannes Lady,,,,,,,,,,,,,,,,,,,Majestic Jenny (IRE),,,,
,,,,,,,,,,,,,,,,,,Leapaway,,,,,,,,,,,,,,,,,,,Majigal,,,,
,,,,,,,,,,,,,,,,,,Leaving Home,,,,,,,,,,,,,,,,,,,Malea (IRE),,,,
,,,,,,,,,,,,,,,,,,Lessofdnegativity,,,,,,,,,,,,,,,,,,,Malinka (IRE),,,,
,,,,,,,,,,,,,,,,,,Lightly Squeeze,,,,,,,,,,,,,,,,,,,Mambo Rhythm,,,,
,,,,,,,,,,,,,,,,,,Lightsider,,,,,,,,,,,,,,,,,,,Manorville (IRE),,,,
,,,,,,,,,,,,,,,,,,Lisabetta,,,,,,,,,,,,,,,,,,,Maoin Dor (IRE),,,,
,,,,,,,,,,,,,,,,,,Little Tipsy,,,,,,,,,,,,,,,,,,,Mare Nostrum,,,,
,,,,,,,,,,,,,,,,,,Locker Room Talk,,,,,,,,,,,,,,,,,,,Marie Cuddy (IRE),,,,
,,,,,,,,,,,,,,,,,,Longroom,,,,,,,,,,,,,,,,,,,Marine Bleue (IRE),,,,
,,,,,,,,,,,,,,,,,,Lord Condi,,,,,,,,,,,,,,,,,,,Marinebird (IRE),,,,
,,,,,,,,,,,,,,,,,,Lord Napier,,,,,,,,,,,,,,,,,,,Markene De Durtal (FR),,,,
,,,,,,,,,,,,,,,,,,Lord Torranaga,,,,,,,,,,,,,,,,,,,Maryota (FR),,,,
,,,,,,,,,,,,,,,,,,Lots Of Luck,,,,,,,,,,,,,,,,,,,Mascara,,,,
,,,,,,,,,,,,,,,,,,Lovely Lou Lou,,,,,,,,,,,,,,,,,,,Material World,,,,
,,,,,,,,,,,,,,,,,,Lovely Schtuff,,,,,,,,,,,,,,,,,,,May Fox,,,,
,,,,,,,,,,,,,,,,,,Lucky Deal,,,,,,,,,,,,,,,,,,,Meanwhile (IRE),,,,
,,,,,,,,,,,,,,,,,,Lugnaquilla,,,,,,,,,,,,,,,,,,,Meddling,,,,
,,,,,,,,,,,,,,,,,,Lunar Sovereign,,,,,,,,,,,,,,,,,,,Megalex,,,,
,,,,,,,,,,,,,,,,,,Luscifer,,,,,,,,,,,,,,,,,,,Melaaya (USA),,,,
,,,,,,,,,,,,,,,,,,Mabo,,,,,,,,,,,,,,,,,,,Memoire (FR),,,,
,,,,,,,,,,,,,,,,,,Machree,,,,,,,,,,,,,,,,,,,Merry Excuse (IRE),,,,
,,,,,,,,,,,,,,,,,,Macs Dilemma,,,,,,,,,,,,,,,,,,,Merry Heart (IRE),,,,
,,,,,,,,,,,,,,,,,,Magic River,,,,,,,,,,,,,,,,,,,Metro Star (IRE),,,,
,,,,,,,,,,,,,,,,,,Magnetic North,,,,,,,,,,,,,,,,,,,Midas Haze,,,,
,,,,,,,,,,,,,,,,,,Mahlers Dollar,,,,,,,,,,,,,,,,,,,Midnite Ride (IRE),,,,
,,,,,,,,,,,,,,,,,,Man Of The Sea,,,,,,,,,,,,,,,,,,,Midsummernitedream (GER),,,,
,,,,,,,,,,,,,,,,,,Manfadh,,,,,,,,,,,,,,,,,,,Milan Serenade (IRE),,,,
,,,,,,,,,,,,,,,,,,Manjaam,,,,,,,,,,,,,,,,,,,Miliika,,,,
,,,,,,,,,,,,,,,,,,Marco Rock,,,,,,,,,,,,,,,,,,,Milleners Gem (IRE),,,,
,,,,,,,,,,,,,,,,,,Marine One,,,,,,,,,,,,,,,,,,,Millionaia (IRE),,,,
,,,,,,,,,,,,,,,,,,Mario De Pail,,,,,,,,,,,,,,,,,,,Mimi Equal,,,,
,,,,,,,,,,,,,,,,,,Markievicz,,,,,,,,,,,,,,,,,,,Mirror City,,,,
,,,,,,,,,,,,,,,,,,Martinique,,,,,,,,,,,,,,,,,,,Mishhar (IRE),,,,
,,,,,,,,,,,,,,,,,,Mason Jar,,,,,,,,,,,,,,,,,,,Miss Abrahnovic (IRE),,,,
,,,,,,,,,,,,,,,,,,Master Burbidge,,,,,,,,,,,,,,,,,,,Miss Bunter,,,,
,,,,,,,,,,,,,,,,,,Master Malachy,,,,,,,,,,,,,,,,,,,Miss Fahrenheit (IRE),,,,
,,,,,,,,,,,,,,,,,,Master Of De Style,,,,,,,,,,,,,,,,,,,Miss Franklin (IRE),,,,
,,,,,,,,,,,,,,,,,,Maykir,,,,,,,,,,,,,,,,,,,Miss Mediator (USA),,,,
,,,,,,,,,,,,,,,,,,McCabe,,,,,,,,,,,,,,,,,,,Miss Montana (IRE),,,,
,,,,,,,,,,,,,,,,,,Mcpherson,,,,,,,,,,,,,,,,,,,Miss Muldoon (IRE),,,,
,,,,,,,,,,,,,,,,,,Memphis Bell,,,,,,,,,,,,,,,,,,,Miss Royello,,,,
,,,,,,,,,,,,,,,,,,Memyselfandmoi,,,,,,,,,,,,,,,,,,,Miss Vinnie (IRE),,,,
,,,,,,,,,,,,,,,,,,Mesmeric,,,,,,,,,,,,,,,,,,,Miss Work Of Art,,,,
,,,,,,,,,,,,,,,,,,Mid Winster,,,,,,,,,,,,,,,,,,,Mistress Twister,,,,
,,,,,,,,,,,,,,,,,,Mighty Blue,,,,,,,,,,,,,,,,,,,Misty For Me (IRE),,,,
,,,,,,,,,,,,,,,,,,Milanstorm,,,,,,,,,,,,,,,,,,,Modern Look,,,,
,,,,,,,,,,,,,,,,,,Milkwood,,,,,,,,,,,,,,,,,,,Moiava (FR),,,,
,,,,,,,,,,,,,,,,,,Millers Bank,,,,,,,,,,,,,,,,,,,Molly Be,,,,
,,,,,,,,,,,,,,,,,,Millie The Minx,,,,,,,,,,,,,,,,,,,Monarchy (IRE),,,,
,,,,,,,,,,,,,,,,,,Mind Your Back,,,,,,,,,,,,,,,,,,,Monster Munchie (JPN),,,,
,,,,,,,,,,,,,,,,,,Ming Dynasty,,,,,,,,,,,,,,,,,,,Montaraza (FR),,,,
,,,,,,,,,,,,,,,,,,Minnimo,,,,,,,,,,,,,,,,,,,Mooching Along (IRE),,,,
,,,,,,,,,,,,,,,,,,Miss Daingerfield,,,,,,,,,,,,,,,,,,,Moon Empress (FR),,,,
,,,,,,,,,,,,,,,,,,Miss Polly Shelby,,,,,,,,,,,,,,,,,,,Moon Glow (FR),,,,
,,,,,,,,,,,,,,,,,,Mistry Girl,,,,,,,,,,,,,,,,,,,Moonbi Haven (IRE),,,,
,,,,,,,,,,,,,,,,,,Moans Cross,,,,,,,,,,,,,,,,,,,Moonlight Applause,,,,
,,,,,,,,,,,,,,,,,,Molinari,,,,,,,,,,,,,,,,,,,Moonlight Lady (IRE),,,,
,,,,,,,,,,,,,,,,,,Moonraker,,,,,,,,,,,,,,,,,,,Moonlight Sonata,,,,
,,,,,,,,,,,,,,,,,,Moosmee,,,,,,,,,,,,,,,,,,,Mowaadah (IRE),,,,
,,,,,,,,,,,,,,,,,,More Buck's,,,,,,,,,,,,,,,,,,,Mumtaza,,,,
,,,,,,,,,,,,,,,,,,Mortens Leam,,,,,,,,,,,,,,,,,,,Mushagak (IRE),,,,
,,,,,,,,,,,,,,,,,,Mostawaa,,,,,,,,,,,,,,,,,,,Music On D Waters (IRE),,,,
,,,,,,,,,,,,,,,,,,Mountain Ash,,,,,,,,,,,,,,,,,,,Muzdaan (IRE),,,,
,,,,,,,,,,,,,,,,,,Moxy Mares,,,,,,,,,,,,,,,,,,,My Name's Not Bin (IRE),,,,
,,,,,,,,,,,,,,,,,,Mr Mafia,,,,,,,,,,,,,,,,,,,Naddwah,,,,
,,,,,,,,,,,,,,,,,,Mr Medic,,,,,,,,,,,,,,,,,,,Nahrain,,,,
,,,,,,,,,,,,,,,,,,Mr Muldoon,,,,,,,,,,,,,,,,,,,Nairobi (FR),,,,
,,,,,,,,,,,,,,,,,,Mr Top Hat,,,,,,,,,,,,,,,,,,,Nannina,,,,
,,,,,,,,,,,,,,,,,,Mrs Hyde,,,,,,,,,,,,,,,,,,,Nanny (FR),,,,
,,,,,,,,,,,,,,,,,,Murray Mount,,,,,,,,,,,,,,,,,,,Naples Bay (USA),,,,
,,,,,,,,,,,,,,,,,,Mutabaahy,,,,,,,,,,,,,,,,,,,Narla,,,,
,,,,,,,,,,,,,,,,,,My Minervina,,,,,,,,,,,,,,,,,,,Navaro (IRE),,,,
,,,,,,,,,,,,,,,,,,My Mums Posh,,,,,,,,,,,,,,,,,,,Netrebko (IRE),,,,
,,,,,,,,,,,,,,,,,,My Poem,,,,,,,,,,,,,,,,,,,New Destiny (FR),,,,
,,,,,,,,,,,,,,,,,,Mystery Angel,,,,,,,,,,,,,,,,,,,Newellen (IRE),,,,
,,,,,,,,,,,,,,,,,,Mystery Mac,,,,,,,,,,,,,,,,,,,Nheyranne (FR),,,,
,,,,,,,,,,,,,,,,,,Na Caith Tobac,,,,,,,,,,,,,,,,,,,Night Haven,,,,
,,,,,,,,,,,,,,,,,,Naamoos,,,,,,,,,,,,,,,,,,,Nightswimmer (IRE),,,,
,,,,,,,,,,,,,,,,,,Nancy Miles,,,,,,,,,,,,,,,,,,,Nina Celebre (IRE),,,,
,,,,,,,,,,,,,,,,,,Natch,,,,,,,,,,,,,,,,,,,Niyla (IRE),,,,
,,,,,,,,,,,,,,,,,,Natural Breeze,,,,,,,,,,,,,,,,,,,No Quest (IRE),,,,
,,,,,,,,,,,,,,,,,,Never Seen Before,,,,,,,,,,,,,,,,,,,No Trimmings (IRE),,,,
,,,,,,,,,,,,,,,,,,New Appointment,,,,,,,,,,,,,,,,,,,Noble Fantasy (GER),,,,
,,,,,,,,,,,,,,,,,,Nightline,,,,,,,,,,,,,,,,,,,Nota Bene (GER),,,,
,,,,,,,,,,,,,,,,,,No Diggity,,,,,,,,,,,,,,,,,,,Numerus Clausus (FR),,,,
,,,,,,,,,,,,,,,,,,No Stopping Her,,,,,,,,,,,,,,,,,,,Nut (IRE),,,,
,,,,,,,,,,,,,,,,,,Noble Glance,,,,,,,,,,,,,,,,,,,Nut Touluze (IRE),,,,
,,,,,,,,,,,,,,,,,,Noble Heritage,,,,,,,,,,,,,,,,,,,Ocean Myth,,,,
,,,,,,,,,,,,,,,,,,Now We're Touring,,,,,,,,,,,,,,,,,,,Oddly Presented (IRE),,,,
,,,,,,,,,,,,,,,,,,Oh So True,,,,,,,,,,,,,,,,,,,Odile De Neulliac (FR),,,,
,,,,,,,,,,,,,,,,,,Okhotsk,,,,,,,,,,,,,,,,,,,Ohsosecret,,,,
,,,,,,,,,,,,,,,,,,Old Town Road,,,,,,,,,,,,,,,,,,,Oiselina (FR),,,,
,,,,,,,,,,,,,,,,,,Omakase,,,,,,,,,,,,,,,,,,,One Love (IRE),,,,
,,,,,,,,,,,,,,,,,,On Eagles Wings,,,,,,,,,,,,,,,,,,,Oonagh (IRE),,,,
,,,,,,,,,,,,,,,,,,Only Money,,,,,,,,,,,,,,,,,,,Opinionated (IRE),,,,
,,,,,,,,,,,,,,,,,,Ontheforty,,,,,,,,,,,,,,,,,,,Opopmil (IRE),,,,
,,,,,,,,,,,,,,,,,,Ordered Lives,,,,,,,,,,,,,,,,,,,Orabelle (FR),,,,
,,,,,,,,,,,,,,,,,,Ornua,,,,,,,,,,,,,,,,,,,Orpens Peach (IRE),,,,
,,,,,,,,,,,,,,,,,,Otzi,,,,,,,,,,,,,,,,,,,Oscar's Reprieve (IRE),,,,
,,,,,,,,,,,,,,,,,,Our Little Pony,,,,,,,,,,,,,,,,,,,Our Alana (IRE),,,,
,,,,,,,,,,,,,,,,,,Our Rockstar,,,,,,,,,,,,,,,,,,,Our Dream (IRE),,,,
,,,,,,,,,,,,,,,,,,Out The Glen,,,,,,,,,,,,,,,,,,,Our Nana Rose (IRE),,,,
,,,,,,,,,,,,,,,,,,Out The Hat,,,,,,,,,,,,,,,,,,,Overlady,,,,
,,,,,,,,,,,,,,,,,,Overcourt,,,,,,,,,,,,,,,,,,,Overpriced,,,,
,,,,,,,,,,,,,,,,,,Overpriced Mixer,,,,,,,,,,,,,,,,,,,Ozalid (FR),,,,
,,,,,,,,,,,,,,,,,,Owl Creek Bridge,,,,,,,,,,,,,,,,,,,Paimpolaise (IRE),,,,
,,,,,,,,,,,,,,,,,,Oxwich Bay,,,,,,,,,,,,,,,,,,,Pakaradyssa (FR),,,,
,,,,,,,,,,,,,,,,,,Pachmena,,,,,,,,,,,,,,,,,,,Passion Fruit,,,,
,,,,,,,,,,,,,,,,,,Paddy Joe,,,,,,,,,,,,,,,,,,,Pearly Brooks,,,,
,,,,,,,,,,,,,,,,,,Pallasmore Lass,,,,,,,,,,,,,,,,,,,Penchant,,,,
,,,,,,,,,,,,,,,,,,Para Queen,,,,,,,,,,,,,,,,,,,Penny Drops,,,,
,,,,,,,,,,,,,,,,,,Paradise On Earth,,,,,,,,,,,,,,,,,,,Perfect Hand,,,,
,,,,,,,,,,,,,,,,,,Parent's Prayer,,,,,,,,,,,,,,,,,,,Perfect Pose (IRE),,,,
,,,,,,,,,,,,,,,,,,Park Lane Dancer,,,,,,,,,,,,,,,,,,,Perilously (USA),,,,
,,,,,,,,,,,,,,,,,,Parlour Maid,,,,,,,,,,,,,,,,,,,Petit Moselle (IRE),,,,
,,,,,,,,,,,,,,,,,,Parsons Pleasure,,,,,,,,,,,,,,,,,,,Phantom Wind (USA),,,,
,,,,,,,,,,,,,,,,,,Party Island,,,,,,,,,,,,,,,,,,,Phiz (GER),,,,
,,,,,,,,,,,,,,,,,,Passing Nod,,,,,,,,,,,,,,,,,,,Pianota (USA),,,,
,,,,,,,,,,,,,,,,,,Pat Kelly,,,,,,,,,,,,,,,,,,,Pink Cristal,,,,
,,,,,,,,,,,,,,,,,,Pax Britannica,,,,,,,,,,,,,,,,,,,Pipe Lady (IRE),,,,
,,,,,,,,,,,,,,,,,,Peace Prevails,,,,,,,,,,,,,,,,,,,Piping (IRE),,,,
,,,,,,,,,,,,,,,,,,Pendant,,,,,,,,,,,,,,,,,,,Pivotal Drive (IRE),,,,
,,,,,,,,,,,,,,,,,,Penny Pot Lane,,,,,,,,,,,,,,,,,,,Playful Wink (USA),,,,
,,,,,,,,,,,,,,,,,,Percy's Pride,,,,,,,,,,,,,,,,,,,Playing Around,,,,
,,,,,,,,,,,,,,,,,,Perilous,,,,,,,,,,,,,,,,,,,Pleasant Valley (IRE),,,,
,,,,,,,,,,,,,,,,,,Petite Power,,,,,,,,,,,,,,,,,,,Plover,,,,
,,,,,,,,,,,,,,,,,,Pettochside,,,,,,,,,,,,,,,,,,,Plum Sugar (IRE),,,,
,,,,,,,,,,,,,,,,,,Picknick Park,,,,,,,,,,,,,,,,,,,Pocket Watch,,,,
,,,,,,,,,,,,,,,,,,Pierlow,,,,,,,,,,,,,,,,,,,Polar Circle (USA),,,,
,,,,,,,,,,,,,,,,,,Pikaia,,,,,,,,,,,,,,,,,,,Politesse (USA),,,,
,,,,,,,,,,,,,,,,,,Pimstrel,,,,,,,,,,,,,,,,,,,Polka Dot (IRE),,,,
,,,,,,,,,,,,,,,,,,Pisgah Pike,,,,,,,,,,,,,,,,,,,Polly Doodle,,,,
,,,,,,,,,,,,,,,,,,Pivoting,,,,,,,,,,,,,,,,,,,Popocatepetl (FR),,,,
,,,,,,,,,,,,,,,,,,Plansina,,,,,,,,,,,,,,,,,,,Poppy Pivot (IRE),,,,
,,,,,,,,,,,,,,,,,,Platinum Prince,,,,,,,,,,,,,,,,,,,Posh Bird (IRE),,,,
,,,,,,,,,,,,,,,,,,Pledge Of Honour,,,,,,,,,,,,,,,,,,,Poyle Dee Dee,,,,
,,,,,,,,,,,,,,,,,,Pleinmont,,,,,,,,,,,,,,,,,,,Praise Dancing (IRE),,,,
,,,,,,,,,,,,,,,,,,Pleney,,,,,,,,,,,,,,,,,,,Preach (IRE),,,,
,,,,,,,,,,,,,,,,,,Plenty Of Butty,,,,,,,,,,,,,,,,,,,Pretty 'N Smart (USA),,,,
,,,,,,,,,,,,,,,,,,Plum Run,,,,,,,,,,,,,,,,,,,Pretty Demanding (IRE),,,,
,,,,,,,,,,,,,,,,,,Plunkett,,,,,,,,,,,,,,,,,,,Princess Banu,,,,
,,,,,,,,,,,,,,,,,,Poker Master,,,,,,,,,,,,,,,,,,,Priory Rock (IRE),,,,
,,,,,,,,,,,,,,,,,,Poker School,,,,,,,,,,,,,,,,,,,Privalova (IRE),,,,
,,,,,,,,,,,,,,,,,,Politicise,,,,,,,,,,,,,,,,,,,Provenance,,,,
,,,,,,,,,,,,,,,,,,Pontresina,,,,,,,,,,,,,,,,,,,Pure Excellence,,,,
,,,,,,,,,,,,,,,,,,Port Sunlight,,,,,,,,,,,,,,,,,,,Pure Jazz (IRE),,,,
,,,,,,,,,,,,,,,,,,Poster Child,,,,,,,,,,,,,,,,,,,Puzzling,,,,
,,,,,,,,,,,,,,,,,,Pour Sioux,,,,,,,,,,,,,,,,,,,Qlementine (FR),,,,
,,,,,,,,,,,,,,,,,,Power Under Me,,,,,,,,,,,,,,,,,,,Queen Athena (IRE),,,,
,,,,,,,,,,,,,,,,,,Poyle Vinnie,,,,,,,,,,,,,,,,,,,Queen Of Tara (IRE),,,,
,,,,,,,,,,,,,,,,,,Prairie Dancer,,,,,,,,,,,,,,,,,,,Queen Wasp (IRE),,,,
,,,,,,,,,,,,,,,,,,Praying Mantis,,,,,,,,,,,,,,,,,,,Queen's Theatre (FR),,,,
,,,,,,,,,,,,,,,,,,Pride Of UK,,,,,,,,,,,,,,,,,,,Queenofthefairies,,,,
,,,,,,,,,,,,,,,,,,Prince Of Rome,,,,,,,,,,,,,,,,,,,Querida De Ferbet (FR),,,,
,,,,,,,,,,,,,,,,,,Princess Mayson,,,,,,,,,,,,,,,,,,,Quibble (FR),,,,
,,,,,,,,,,,,,,,,,,Princess Mead,,,,,,,,,,,,,,,,,,,Quick Sketch (IRE),,,,
,,,,,,,,,,,,,,,,,,Princess Sela,,,,,,,,,,,,,,,,,,,Quintana (GER),,,,
,,,,,,,,,,,,,,,,,,Priti Agrippa,,,,,,,,,,,,,,,,,,,Quite Smart (IRE),,,,
,,,,,,,,,,,,,,,,,,Prose,,,,,,,,,,,,,,,,,,,Quora Vallis (FR),,,,
,,,,,,,,,,,,,,,,,,Pub Murphy,,,,,,,,,,,,,,,,,,,Rachida (IRE),,,,
,,,,,,,,,,,,,,,,,,Pulsation,,,,,,,,,,,,,,,,,,,Ragdollianna,,,,
,,,,,,,,,,,,,,,,,,Punters Poet,,,,,,,,,,,,,,,,,,,Rahana Moirette (FR),,,,
,,,,,,,,,,,,,,,,,,Pythagoras,,,,,,,,,,,,,,,,,,,Rainbow Oceane (FR),,,,
,,,,,,,,,,,,,,,,,,Quamino,,,,,,,,,,,,,,,,,,,Rainbow Springs,,,,
,,,,,,,,,,,,,,,,,,Quarry Rebel,,,,,,,,,,,,,,,,,,,Random,,,,
,,,,,,,,,,,,,,,,,,Quick Look,,,,,,,,,,,,,,,,,,,Rare Dollar (IRE),,,,
,,,,,,,,,,,,,,,,,,Rabski,,,,,,,,,,,,,,,,,,,Rare Ruby (IRE),,,,
,,,,,,,,,,,,,,,,,,Railway Muice,,,,,,,,,,,,,,,,,,,Rathaath (IRE),,,,
,,,,,,,,,,,,,,,,,,Rainbird,,,,,,,,,,,,,,,,,,,Razzle (USA),,,,
,,,,,,,,,,,,,,,,,,Rainbow Storm,,,,,,,,,,,,,,,,,,,Read Federica,,,,
,,,,,,,,,,,,,,,,,,Rains Of Castamere,,,,,,,,,,,,,,,,,,,Reconsider Baby (IRE),,,,
,,,,,,,,,,,,,,,,,,Rakhine State,,,,,,,,,,,,,,,,,,,Red Japonica,,,,
,,,,,,,,,,,,,,,,,,Rasaasy,,,,,,,,,,,,,,,,,,,Red Kyte,,,,
,,,,,,,,,,,,,,,,,,Rasheeq,,,,,,,,,,,,,,,,,,,Red Mischief (IRE),,,,
,,,,,,,,,,,,,,,,,,Rave N Contagion,,,,,,,,,,,,,,,,,,,Red Planet,,,,
,,,,,,,,,,,,,,,,,,Raven's Tower,,,,,,,,,,,,,,,,,,,Red Red Rose,,,,
,,,,,,,,,,,,,,,,,,Reassure,,,,,,,,,,,,,,,,,,,Red Slipper (IRE),,,,
,,,,,,,,,,,,,,,,,,Rebel Leader,,,,,,,,,,,,,,,,,,,Red Vixen (IRE),,,,
,,,,,,,,,,,,,,,,,,Red Giant,,,,,,,,,,,,,,,,,,,Regency Girl (IRE),,,,
,,,,,,,,,,,,,,,,,,Red Gunner,,,,,,,,,,,,,,,,,,,Reina Reed (IRE),,,,
,,,,,,,,,,,,,,,,,,Red Heel,,,,,,,,,,,,,,,,,,,Remember When (IRE),,,,
,,,,,,,,,,,,,,,,,,Refuge,,,,,,,,,,,,,,,,,,,Remix (IRE),,,,
,,,,,,,,,,,,,,,,,,Remiluc,,,,,,,,,,,,,,,,,,,Resort,,,,
,,,,,,,,,,,,,,,,,,Revolutme,,,,,,,,,,,,,,,,,,,Rhea De Grissay (FR),,,,
,,,,,,,,,,,,,,,,,,Rhinestone Blue,,,,,,,,,,,,,,,,,,,Ring Of Water (USA),,,,
,,,,,,,,,,,,,,,,,,Rickety Gate,,,,,,,,,,,,,,,,,,,River Test,,,,
,,,,,,,,,,,,,,,,,,Rideau Canal,,,,,,,,,,,,,,,,,,,Riviera Rose (IRE),,,,
,,,,,,,,,,,,,,,,,,Ring Minella,,,,,,,,,,,,,,,,,,,Rocella (GER),,,,
,,,,,,,,,,,,,,,,,,Ring The Moon,,,,,,,,,,,,,,,,,,,Rockahoolababy (IRE),,,,
,,,,,,,,,,,,,,,,,,River Frost,,,,,,,,,,,,,,,,,,,Romilly (FR),,,,
,,,,,,,,,,,,,,,,,,Road Warrior,,,,,,,,,,,,,,,,,,,Rosa Gialla (IRE),,,,
,,,,,,,,,,,,,,,,,,Rocco,,,,,,,,,,,,,,,,,,,Rosalie Malta (FR),,,,
,,,,,,,,,,,,,,,,,,Rock On Fruity,,,,,,,,,,,,,,,,,,,Rose Celebre (FR),,,,
,,,,,,,,,,,,,,,,,,Rock On Rocco,,,,,,,,,,,,,,,,,,,Rose Cheval (USA),,,,
,,,,,,,,,,,,,,,,,,Rocket Ronnie,,,,,,,,,,,,,,,,,,,Rose De Beaufai (FR),,,,
,,,,,,,,,,,,,,,,,,Rockin Jack,,,,,,,,,,,,,,,,,,,Roseabel (IRE),,,,
,,,,,,,,,,,,,,,,,,Rockview Empress,,,,,,,,,,,,,,,,,,,Roses And Wine (IRE),,,,
,,,,,,,,,,,,,,,,,,Roman Empire,,,,,,,,,,,,,,,,,,,Rosie Lea (IRE),,,,
,,,,,,,,,,,,,,,,,,Room To Roam,,,,,,,,,,,,,,,,,,,Roundhill (IRE),,,,
,,,,,,,,,,,,,,,,,,Rosa Albertine,,,,,,,,,,,,,,,,,,,Rousing Applause (USA),,,,
,,,,,,,,,,,,,,,,,,Rose Of Aghaboe,,,,,,,,,,,,,,,,,,,Rouwaki (USA),,,,
,,,,,,,,,,,,,,,,,,Rose Of Arcadia,,,,,,,,,,,,,,,,,,,Royal Alchemist,,,,
,,,,,,,,,,,,,,,,,,Roseabad,,,,,,,,,,,,,,,,,,,Royal Arruhan,,,,
,,,,,,,,,,,,,,,,,,Roseisaroseisarose,,,,,,,,,,,,,,,,,,,Royal Crystal (USA),,,,
,,,,,,,,,,,,,,,,,,Round The Island,,,,,,,,,,,,,,,,,,,Royal Stream (IRE),,,,
,,,,,,,,,,,,,,,,,,Rugaday,,,,,,,,,,,,,,,,,,,Royale Marie (FR),,,,
,,,,,,,,,,,,,,,,,,Running D'Or,,,,,,,,,,,,,,,,,,,Rub A Dub Dub,,,,
,,,,,,,,,,,,,,,,,,Sabratha,,,,,,,,,,,,,,,,,,,Ruby Magern,,,,
,,,,,,,,,,,,,,,,,,Sacre Bleu,,,,,,,,,,,,,,,,,,,Run And Dream (IRE),,,,
,,,,,,,,,,,,,,,,,,Sagrada Familia,,,,,,,,,,,,,,,,,,,Run For Help (IRE),,,,
,,,,,,,,,,,,,,,,,,Salsa,,,,,,,,,,,,,,,,,,,Running Running (FR),,,,
,,,,,,,,,,,,,,,,,,Sangha River,,,,,,,,,,,,,,,,,,,Ryhall (IRE),,,,
,,,,,,,,,,,,,,,,,,Sarah's Verse,,,,,,,,,,,,,,,,,,,Sacrosanct (IRE),,,,
,,,,,,,,,,,,,,,,,,Sasvana,,,,,,,,,,,,,,,,,,,Safe House (IRE),,,,
,,,,,,,,,,,,,,,,,,Scale Force,,,,,,,,,,,,,,,,,,,Saffian,,,,
,,,,,,,,,,,,,,,,,,Sceau Royal,,,,,,,,,,,,,,,,,,,Sailors Run (IRE),,,,
,,,,,,,,,,,,,,,,,,Scholastic,,,,,,,,,,,,,,,,,,,Sakhee's Pearl,,,,
,,,,,,,,,,,,,,,,,,Secret Pulse,,,,,,,,,,,,,,,,,,,Sancai (USA),,,,
,,,,,,,,,,,,,,,,,,Seelotmorebusiness,,,,,,,,,,,,,,,,,,,Sancta Miria (IRE),,,,
,,,,,,,,,,,,,,,,,,Semenya,,,,,,,,,,,,,,,,,,,Sand River (IRE),,,,
,,,,,,,,,,,,,,,,,,Seneca Chief,,,,,,,,,,,,,,,,,,,Sandside (FR),,,,
,,,,,,,,,,,,,,,,,,Sergeant Strippy,,,,,,,,,,,,,,,,,,,Sangha River (FR),,,,
,,,,,,,,,,,,,,,,,,Settle Petal,,,,,,,,,,,,,,,,,,,Saphira Silver (IRE),,,,
,,,,,,,,,,,,,,,,,,Sfumato,,,,,,,,,,,,,,,,,,,Sar Oiche (IRE),,,,
,,,,,,,,,,,,,,,,,,Shamiyna,,,,,,,,,,,,,,,,,,,Sarah Berry,,,,
,,,,,,,,,,,,,,,,,,Shantaluze,,,,,,,,,,,,,,,,,,,Satco Street (IRE),,,,
,,,,,,,,,,,,,,,,,,Shedding,,,,,,,,,,,,,,,,,,,Sauveterre (FR),,,,
,,,,,,,,,,,,,,,,,,Sheer Bravado,,,,,,,,,,,,,,,,,,,Scariff Hornet (IRE),,,,
,,,,,,,,,,,,,,,,,,Shortbackandsides,,,,,,,,,,,,,,,,,,,Scarlet Feather (IRE),,,,
,,,,,,,,,,,,,,,,,,Show Me The Bubbly,,,,,,,,,,,,,,,,,,,Sea Siren (AUS),,,,
,,,,,,,,,,,,,,,,,,Show Promise,,,,,,,,,,,,,,,,,,,Secret Key (IRE),,,,
,,,,,,,,,,,,,,,,,,Sienna Lady,,,,,,,,,,,,,,,,,,,Secret Shine (IRE),,,,
,,,,,,,,,,,,,,,,,,Silver Planeur,,,,,,,,,,,,,,,,,,,Secret Suspect,,,,
,,,,,,,,,,,,,,,,,,Silver Streak,,,,,,,,,,,,,,,,,,,Seeking Dubai,,,,
,,,,,,,,,,,,,,,,,,Simon The Great,,,,,,,,,,,,,,,,,,,Semblance,,,,
,,,,,,,,,,,,,,,,,,Simply A Breeze,,,,,,,,,,,,,,,,,,,Senora Galilei (IRE),,,,
,,,,,,,,,,,,,,,,,,Simply True,,,,,,,,,,,,,,,,,,,Senora Snoopy (IRE),,,,
,,,,,,,,,,,,,,,,,,Sin E Shekells,,,,,,,,,,,,,,,,,,,Seramindar,,,,
,,,,,,,,,,,,,,,,,,Sincerest,,,,,,,,,,,,,,,,,,,Seriously (FR),,,,
,,,,,,,,,,,,,,,,,,Sioux Grit,,,,,,,,,,,,,,,,,,,Shall We Dance,,,,
,,,,,,,,,,,,,,,,,,Sir Angelo,,,,,,,,,,,,,,,,,,,Shamooda (IRE),,,,
,,,,,,,,,,,,,,,,,,Sir Dotti,,,,,,,,,,,,,,,,,,,Shamora (FR),,,,
,,,,,,,,,,,,,,,,,,Sir Plato,,,,,,,,,,,,,,,,,,,Shanghai Noon (FR),,,,
,,,,,,,,,,,,,,,,,,Sir Roderic,,,,,,,,,,,,,,,,,,,Shannon Pearl (IRE),,,,
,,,,,,,,,,,,,,,,,,Sissinghurst,,,,,,,,,,,,,,,,,,,Sharifa (GER),,,,
,,,,,,,,,,,,,,,,,,Sky Power,,,,,,,,,,,,,,,,,,,Sharoose (IRE),,,,
,,,,,,,,,,,,,,,,,,Slan Tamall,,,,,,,,,,,,,,,,,,,Shawara (IRE),,,,
,,,,,,,,,,,,,,,,,,Slieve Bearnagh,,,,,,,,,,,,,,,,,,,She Storm (IRE),,,,
,,,,,,,,,,,,,,,,,,Smiley Bagel,,,,,,,,,,,,,,,,,,,She's A Character,,,,
,,,,,,,,,,,,,,,,,,Smithscorner,,,,,,,,,,,,,,,,,,,Sheer Delight (IRE),,,,
,,,,,,,,,,,,,,,,,,Snapraeceps,,,,,,,,,,,,,,,,,,,Sherifa (GER),,,,
,,,,,,,,,,,,,,,,,,Snapraeterea,,,,,,,,,,,,,,,,,,,Shermeen (IRE),,,,
,,,,,,,,,,,,,,,,,,Snegurochka,,,,,,,,,,,,,,,,,,,Shesha Bear,,,,
,,,,,,,,,,,,,,,,,,Society Queen,,,,,,,,,,,,,,,,,,,Shillinglee Spring,,,,
,,,,,,,,,,,,,,,,,,Solar Impulse,,,,,,,,,,,,,,,,,,,Shindeesharnick (IRE),,,,
,,,,,,,,,,,,,,,,,,Soldier To Follow,,,,,,,,,,,,,,,,,,,Shivermetimber (IRE),,,,
,,,,,,,,,,,,,,,,,,Sole Trader,,,,,,,,,,,,,,,,,,,Show Potential (IRE),,,,
,,,,,,,,,,,,,,,,,,Song Of Beauty,,,,,,,,,,,,,,,,,,,Shrimpton,,,,
,,,,,,,,,,,,,,,,,,Song Of Earth,,,,,,,,,,,,,,,,,,,Signora Lina (IRE),,,,
,,,,,,,,,,,,,,,,,,Soul Search,,,,,,,,,,,,,,,,,,,Silent Supreme (IRE),,,,
,,,,,,,,,,,,,,,,,,Southwood,,,,,,,,,,,,,,,,,,,Silent Whisper (IRE),,,,
,,,,,,,,,,,,,,,,,,Sovereign Beauty,,,,,,,,,,,,,,,,,,,Silver Bracelet,,,,
,,,,,,,,,,,,,,,,,,Sparkling Diamond,,,,,,,,,,,,,,,,,,,Silver Linnet (IRE),,,,
,,,,,,,,,,,,,,,,,,Speedy Cargo,,,,,,,,,,,,,,,,,,,Silver Sequel,,,,
,,,,,,,,,,,,,,,,,,Spirit Of The Sky,,,,,,,,,,,,,,,,,,,Simply Shining (IRE),,,,
,,,,,,,,,,,,,,,,,,Spit It Out,,,,,,,,,,,,,,,,,,,Sina (GER),,,,
,,,,,,,,,,,,,,,,,,Spring Romance,,,,,,,,,,,,,,,,,,,Sissinghurst Storm (IRE),,,,
,,,,,,,,,,,,,,,,,,Spring Run,,,,,,,,,,,,,,,,,,,Sixfields Flyer (IRE),,,,
,,,,,,,,,,,,,,,,,,Stadius,,,,,,,,,,,,,,,,,,,Skirrid,,,,
,,,,,,,,,,,,,,,,,,Stag Horn,,,,,,,,,,,,,,,,,,,Snap Alam (IRE),,,,
,,,,,,,,,,,,,,,,,,Stamp Of Authority,,,,,,,,,,,,,,,,,,,Snuff (FR),,,,
,,,,,,,,,,,,,,,,,,Star Image,,,,,,,,,,,,,,,,,,,Solerina (IRE),,,,
,,,,,,,,,,,,,,,,,,Starchant,,,,,,,,,,,,,,,,,,,Some Sunny Day,,,,
,,,,,,,,,,,,,,,,,,Starlight Dream,,,,,,,,,,,,,,,,,,,Sommer Queen (IRE),,,,
,,,,,,,,,,,,,,,,,,Starter For Ten,,,,,,,,,,,,,,,,,,,Sonate D'Oudairies (FR),,,,
,,,,,,,,,,,,,,,,,,Starting Monday,,,,,,,,,,,,,,,,,,,Song Of India,,,,
,,,,,,,,,,,,,,,,,,Stealth Command,,,,,,,,,,,,,,,,,,,Sorry Woman (FR),,,,
,,,,,,,,,,,,,,,,,,Steelriver,,,,,,,,,,,,,,,,,,,Sovereign Street,,,,
,,,,,,,,,,,,,,,,,,Stopdworldnletmeof,,,,,,,,,,,,,,,,,,,Spanish Ryham (IRE),,,,
,,,,,,,,,,,,,,,,,,Stopnsearch,,,,,,,,,,,,,,,,,,,Spanish Springs (IRE),,,,
,,,,,,,,,,,,,,,,,,Storm Flight,,,,,,,,,,,,,,,,,,,Speech,,,,
,,,,,,,,,,,,,,,,,,Stormy Belle,,,,,,,,,,,,,,,,,,,Speedbird (USA),,,,
,,,,,,,,,,,,,,,,,,Streets Of Doyen,,,,,,,,,,,,,,,,,,,Spiritville (IRE),,,,
,,,,,,,,,,,,,,,,,,Strike The Flint,,,,,,,,,,,,,,,,,,,Spring Bouquet (IRE),,,,
,,,,,,,,,,,,,,,,,,Suggestion,,,,,,,,,,,,,,,,,,,St Edith (IRE),,,,
,,,,,,,,,,,,,,,,,,Sulochana,,,,,,,,,,,,,,,,,,,Stair An Damhsa (IRE),,,,
,,,,,,,,,,,,,,,,,,Sunrise Ruby,,,,,,,,,,,,,,,,,,,Star Street (IRE),,,,
,,,,,,,,,,,,,,,,,,Supershock,,,,,,,,,,,,,,,,,,,Starfala,,,,
,,,,,,,,,,,,,,,,,,Swaffham Bulbeck,,,,,,,,,,,,,,,,,,,Stella Manuela (FR),,,,
,,,,,,,,,,,,,,,,,,Sweet Pursuit,,,,,,,,,,,,,,,,,,,Step Fast (USA),,,,
,,,,,,,,,,,,,,,,,,Swift Verdict,,,,,,,,,,,,,,,,,,,Stresa,,,,
,,,,,,,,,,,,,,,,,,Swilly Sunset,,,,,,,,,,,,,,,,,,,Striking Choice (USA),,,,
,,,,,,,,,,,,,,,,,,Swinton Diamond,,,,,,,,,,,,,,,,,,,Stroke Of Six (IRE),,,,
,,,,,,,,,,,,,,,,,,Swissal,,,,,,,,,,,,,,,,,,,Sudden Blaze (IRE),,,,
,,,,,,,,,,,,,,,,,,Taameen,,,,,,,,,,,,,,,,,,,Sugar Beet,,,,
,,,,,,,,,,,,,,,,,,Tagovailoa,,,,,,,,,,,,,,,,,,,Sunny Afternoon,,,,
,,,,,,,,,,,,,,,,,,Talk Now,,,,,,,,,,,,,,,,,,,Supercharged (IRE),,,,
,,,,,,,,,,,,,,,,,,Talk Of Charlotte,,,,,,,,,,,,,,,,,,,Superstar Leo (IRE),,,,
,,,,,,,,,,,,,,,,,,Tamigi,,,,,,,,,,,,,,,,,,,Supreme Baloo (IRE),,,,
,,,,,,,,,,,,,,,,,,Tapis Libre,,,,,,,,,,,,,,,,,,,Supreme Departure (IRE),,,,
,,,,,,,,,,,,,,,,,,Tardree,,,,,,,,,,,,,,,,,,,Surprise Moment (IRE),,,,
,,,,,,,,,,,,,,,,,,Tashi,,,,,,,,,,,,,,,,,,,Suzy Alexander,,,,
,,,,,,,,,,,,,,,,,,Tathmeen,,,,,,,,,,,,,,,,,,,Sway (FR),,,,
,,,,,,,,,,,,,,,,,,Tenfold,,,,,,,,,,,,,,,,,,,Sweet Sioux,,,,
,,,,,,,,,,,,,,,,,,Tennewrow,,,,,,,,,,,,,,,,,,,Talk Of Saafend (IRE),,,,
,,,,,,,,,,,,,,,,,,Teqany,,,,,,,,,,,,,,,,,,,Tamburello (IRE),,,,
,,,,,,,,,,,,,,,,,,That's Lifebuoy,,,,,,,,,,,,,,,,,,,Tapneiram (IRE),,,,
,,,,,,,,,,,,,,,,,,The Bell Conductor,,,,,,,,,,,,,,,,,,,Tara Too (IRE),,,,
,,,,,,,,,,,,,,,,,,The Blue Panther,,,,,,,,,,,,,,,,,,,Tara's Force (IRE),,,,
,,,,,,,,,,,,,,,,,,The Bomber Liston,,,,,,,,,,,,,,,,,,,Tarried,,,,
,,,,,,,,,,,,,,,,,,The Bravest,,,,,,,,,,,,,,,,,,,Tartan Blue,,,,
,,,,,,,,,,,,,,,,,,The Diary Keeper,,,,,,,,,,,,,,,,,,,Tasheyaat,,,,
,,,,,,,,,,,,,,,,,,The Domino Effect,,,,,,,,,,,,,,,,,,,Tendency (IRE),,,,
,,,,,,,,,,,,,,,,,,The Grand Visir,,,,,,,,,,,,,,,,,,,Teolane (IRE),,,,
,,,,,,,,,,,,,,,,,,The Inbetween,,,,,,,,,,,,,,,,,,,The Coolest Cat (IRE),,,,
,,,,,,,,,,,,,,,,,,The King's Steed,,,,,,,,,,,,,,,,,,,The Long Bill (IRE),,,,
,,,,,,,,,,,,,,,,,,The Last Melon,,,,,,,,,,,,,,,,,,,The Mighty Matron (IRE),,,,
,,,,,,,,,,,,,,,,,,The Red Witch,,,,,,,,,,,,,,,,,,,The Millers Tale (IRE),,,,
,,,,,,,,,,,,,,,,,,The Rosstafarian,,,,,,,,,,,,,,,,,,,The Scorpion Queen (IRE),,,,
,,,,,,,,,,,,,,,,,,The Saddle Rock,,,,,,,,,,,,,,,,,,,Theatre Girl,,,,
,,,,,,,,,,,,,,,,,,Thebannerkingrebel,,,,,,,,,,,,,,,,,,,Thistlestar (USA),,,,
,,,,,,,,,,,,,,,,,,Theligny,,,,,,,,,,,,,,,,,,,Thoughtless Moment (IRE),,,,
,,,,,,,,,,,,,,,,,,Thematic,,,,,,,,,,,,,,,,,,,Three Cards,,,,
,,,,,,,,,,,,,,,,,,Thinque Tank,,,,,,,,,,,,,,,,,,,Thunderstruck (GER),,,,
,,,,,,,,,,,,,,,,,,Thunderoad,,,,,,,,,,,,,,,,,,,Tiger Spice,,,,
,,,,,,,,,,,,,,,,,,Thundersockssundae,,,,,,,,,,,,,,,,,,,Tilsworth Charlie,,,,
,,,,,,,,,,,,,,,,,,Tiar Na Nog,,,,,,,,,,,,,,,,,,,Tiltili (IRE),,,,
,,,,,,,,,,,,,,,,,,Tiger Mylk,,,,,,,,,,,,,,,,,,,Time To Act,,,,
,,,,,,,,,,,,,,,,,,Tilsworth Emerald,,,,,,,,,,,,,,,,,,,Tip For The Top (IRE),,,,
,,,,,,,,,,,,,,,,,,Time For A Good Un,,,,,,,,,,,,,,,,,,,Tiysha (IRE),,,,
,,,,,,,,,,,,,,,,,,Time To Bite,,,,,,,,,,,,,,,,,,,Tizdubai (USA),,,,
,,,,,,,,,,,,,,,,,,Time Voyage,,,,,,,,,,,,,,,,,,,Tomintoul Singer (IRE),,,,
,,,,,,,,,,,,,,,,,,Tomahawk Ridge,,,,,,,,,,,,,,,,,,,Tomyros (IRE),,,,
,,,,,,,,,,,,,,,,,,Too Bright,,,,,,,,,,,,,,,,,,,Topsham Belle (IRE),,,,
,,,,,,,,,,,,,,,,,,Top Decision,,,,,,,,,,,,,,,,,,,Traveller's Tales,,,,
,,,,,,,,,,,,,,,,,,Top Up The Fashion,,,,,,,,,,,,,,,,,,,Trephine Du Sulon (FR),,,,
,,,,,,,,,,,,,,,,,,Torygraph,,,,,,,,,,,,,,,,,,,Tropical Lake (IRE),,,,
,,,,,,,,,,,,,,,,,,Trevie Fountain,,,,,,,,,,,,,,,,,,,True Britannia,,,,
,,,,,,,,,,,,,,,,,,Triple Nickle,,,,,,,,,,,,,,,,,,,Turning Times (IRE),,,,
,,,,,,,,,,,,,,,,,,Trusty Rusty,,,,,,,,,,,,,,,,,,,Tut (IRE),,,,
,,,,,,,,,,,,,,,,,,Tumbling Dice,,,,,,,,,,,,,,,,,,,Twilight Princess (IRE),,,,
,,,,,,,,,,,,,,,,,,Tuscan Pearl,,,,,,,,,,,,,,,,,,,Two Days In Paris (FR),,,,
,,,,,,,,,,,,,,,,,,Twilight Girl,,,,,,,,,,,,,,,,,,,Unity (IRE),,,,
,,,,,,,,,,,,,,,,,,Twpsyn,,,,,,,,,,,,,,,,,,,Urfie Star (FR),,,,
,,,,,,,,,,,,,,,,,,Urban Scene,,,,,,,,,,,,,,,,,,,Velvet Band,,,,
,,,,,,,,,,,,,,,,,,Us And Them,,,,,,,,,,,,,,,,,,,Velvet Jaguar,,,,
,,,,,,,,,,,,,,,,,,Vafortino,,,,,,,,,,,,,,,,,,,Vestavia (IRE),,,,
,,,,,,,,,,,,,,,,,,Valderrama,,,,,,,,,,,,,,,,,,,Via Lattea (IRE),,,,
,,,,,,,,,,,,,,,,,,Van Dijk,,,,,,,,,,,,,,,,,,,Vics Miller (IRE),,,,
,,,,,,,,,,,,,,,,,,Van Gerwen,,,,,,,,,,,,,,,,,,,Viking Torch,,,,
,,,,,,,,,,,,,,,,,,Verdana Blue,,,,,,,,,,,,,,,,,,,Villarrica (USA),,,,
,,,,,,,,,,,,,,,,,,Verre Dore,,,,,,,,,,,,,,,,,,,Vive Madame (GER),,,,
,,,,,,,,,,,,,,,,,,Viaduct,,,,,,,,,,,,,,,,,,,Viztoria (IRE),,,,
,,,,,,,,,,,,,,,,,,Viceregent,,,,,,,,,,,,,,,,,,,Vocal,,,,
,,,,,,,,,,,,,,,,,,Viking Ruby,,,,,,,,,,,,,,,,,,,Was (IRE),,,,
,,,,,,,,,,,,,,,,,,Viroflay,,,,,,,,,,,,,,,,,,,Watchoverme,,,,
,,,,,,,,,,,,,,,,,,Vision Clear,,,,,,,,,,,,,,,,,,,Wave (IRE),,,,
,,,,,,,,,,,,,,,,,,Viv Vance,,,,,,,,,,,,,,,,,,,Weekend Strike (USA),,,,
,,,,,,,,,,,,,,,,,,Viva Voce,,,,,,,,,,,,,,,,,,,Wemyss Bay,,,,
,,,,,,,,,,,,,,,,,,Vocaliser,,,,,,,,,,,,,,,,,,,Weqaar (USA),,,,
,,,,,,,,,,,,,,,,,,Voltaic,,,,,,,,,,,,,,,,,,,Western Pearl,,,,
,,,,,,,,,,,,,,,,,,Wade's Magic,,,,,,,,,,,,,,,,,,,Whatagoodcatch (IRE),,,,
,,,,,,,,,,,,,,,,,,Walk Me Home,,,,,,,,,,,,,,,,,,,Whichway Girl,,,,
,,,,,,,,,,,,,,,,,,Waqaas,,,,,,,,,,,,,,,,,,,Whistling Gypse (IRE),,,,
,,,,,,,,,,,,,,,,,,War Eagle,,,,,,,,,,,,,,,,,,,Whitehaven,,,,
,,,,,,,,,,,,,,,,,,Wasntexpectingthat,,,,,,,,,,,,,,,,,,,Wicked Crack (IRE),,,,
,,,,,,,,,,,,,,,,,,Water's Edge,,,,,,,,,,,,,,,,,,,Wild Child (IRE),,,,
,,,,,,,,,,,,,,,,,,Waterville Lady,,,,,,,,,,,,,,,,,,,Wilde Sapphire (IRE),,,,
,,,,,,,,,,,,,,,,,,West Cork Wildway,,,,,,,,,,,,,,,,,,,Wings To Soar (USA),,,,
,,,,,,,,,,,,,,,,,,Westbrook Bertie,,,,,,,,,,,,,,,,,,,Wingspan (USA),,,,
,,,,,,,,,,,,,,,,,,Westhill,,,,,,,,,,,,,,,,,,,Wizzy (IRE),,,,
,,,,,,,,,,,,,,,,,,What A Business,,,,,,,,,,,,,,,,,,,Wotatomboy,,,,
,,,,,,,,,,,,,,,,,,What A Feeling,,,,,,,,,,,,,,,,,,,Yakshini (IRE),,,,
,,,,,,,,,,,,,,,,,,Whatsyourstatus,,,,,,,,,,,,,,,,,,,Yaqoot,,,,
,,,,,,,,,,,,,,,,,,Where's Mick,,,,,,,,,,,,,,,,,,,Ydillique (IRE),,,,
,,,,,,,,,,,,,,,,,,Where's The Tape,,,,,,,,,,,,,,,,,,,You Take Care (IRE),,,,
,,,,,,,,,,,,,,,,,,Wherethewindsblow,,,,,,,,,,,,,,,,,,,Your Place Or Mine (IRE),,,,
,,,,,,,,,,,,,,,,,,White Pepper,,,,,,,,,,,,,,,,,,,Zacheta,,,,
,,,,,,,,,,,,,,,,,,Wicked West,,,,,,,,,,,,,,,,,,,Zamhrear,,,,
,,,,,,,,,,,,,,,,,,Wild Desire,,,,,,,,,,,,,,,,,,,Zayanida (IRE),,,,
,,,,,,,,,,,,,,,,,,Wild Flower,,,,,,,,,,,,,,,,,,,Zebgrey (IRE),,,,
,,,,,,,,,,,,,,,,,,Wild Rumour,,,,,,,,,,,,,,,,,,,Zenita Des Brosses (FR),,,,
,,,,,,,,,,,,,,,,,,Wilderness,,,,,,,,,,,,,,,,,,,Zhanna (IRE),,,,
,,,,,,,,,,,,,,,,,,Windsorlot,,,,,,,,,,,,,,,,,,,Zuccarella (GER),,,,
,,,,,,,,,,,,,,,,,,Wolf Prince,,,,,,,,,,,,,,,,,,,Zuleika Dobson,,,,
,,,,,,,,,,,,,,,,,,Wood Ranger,,,,,,,,,,,,,,,,,,,Zulema,,,,
,,,,,,,,,,,,,,,,,,Wots The Wifi Code,,,,,,,,,,,,,,,,,,,Zykina,,,,
,,,,,,,,,,,,,,,,,,Wrightia,,,,,,,,,,,,,,,,,,,,,,,
,,,,,,,,,,,,,,,,,,Yafordadoe,,,,,,,,,,,,,,,,,,,,,,,
,,,,,,,,,,,,,,,,,,Yaxeni,,,,,,,,,,,,,,,,,,,,,,,
,,,,,,,,,,,,,,,,,,You Don't Own Me,,,,,,,,,,,,,,,,,,,,,,,
,,,,,,,,,,,,,,,,,,You Owe Me Money,,,,,,,,,,,,,,,,,,,,,,,
,,,,,,,,,,,,,,,,,,You're Cool,,,,,,,,,,,,,,,,,,,,,,,
,,,,,,,,,,,,,,,,,,Yourholidayisover,,,,,,,,,,,,,,,,,,,,,,,
,,,,,,,,,,,,,,,,,,Yulong De Legend,,,,,,,,,,,,,,,,,,,,,,,
,,,,,,,,,,,,,,,,,,Zamani,,,,,,,,,,,,,,,,,,,,,,,
,,,,,,,,,,,,,,,,,,Zara Mac,,,,,,,,,,,,,,,,,,,,,,,
,,,,,,,,,,,,,,,,,,Zarrar,,,,,,,,,,,,,,,,,,,,,,,
,,,,,,,,,,,,,,,,,,Zeyzoun,,,,,,,,,,,,,,,,,,,,,,,
,,,,,,,,,,,,,,,,,,Zubaidah,,,,,,,,,,,,,,,,,,,,,,,
